dataset,repetition,method,group_type,group,n,coverage,mean_width,lower_miss,upper_miss
cps_wage,1,SR-TI,predicted_scale_quintile,1,1948,0.873716632443532,22.9219030075925,0.074435318275154,0.0518480492813142
cps_wage,1,SR-TI,predicted_scale_quintile,2,1948,0.893223819301848,30.904048680558,0.0569815195071869,0.0497946611909651
cps_wage,1,SR-TI,predicted_scale_quintile,3,1948,0.914784394250513,35.4773031185651,0.0415811088295688,0.0436344969199179
cps_wage,1,SR-TI,predicted_scale_quintile,4,1948,0.938911704312115,38.199361005749,0.026694045174538,0.034394250513347
cps_wage,1,SR-TI,predicted_scale_quintile,5,1947,0.941448382126348,56.8210666225608,0.0303030303030303,0.0282485875706215
cps_wage,1,ASR-TI,predicted_scale_quintile,1,1948,0.874229979466119,22.8637856991283,0.0734086242299795,0.0523613963039014
cps_wage,1,ASR-TI,predicted_scale_quintile,2,1948,0.893737166324435,30.8087871839943,0.0554414784394251,0.0508213552361396
cps_wage,1,ASR-TI,predicted_scale_quintile,3,1948,0.914784394250513,35.3562729850249,0.0415811088295688,0.0436344969199179
cps_wage,1,ASR-TI,predicted_scale_quintile,4,1948,0.939425051334702,38.0565636477947,0.0261806981519507,0.034394250513347
cps_wage,1,ASR-TI,predicted_scale_quintile,5,1947,0.941448382126348,56.5544187140199,0.0297894196199281,0.0287621982537237
cps_wage,1,CQR-TI,predicted_scale_quintile,1,1948,0.915811088295688,27.9283157943875,0.0523613963039014,0.0318275154004107
cps_wage,1,CQR-TI,predicted_scale_quintile,2,1948,0.908624229979466,34.3132014185149,0.0451745379876797,0.0462012320328542
cps_wage,1,CQR-TI,predicted_scale_quintile,3,1948,0.913244353182752,35.7380799568342,0.040041067761807,0.0467145790554415
cps_wage,1,CQR-TI,predicted_scale_quintile,4,1948,0.92659137577002,36.0781796543863,0.0313141683778234,0.0420944558521561
cps_wage,1,CQR-TI,predicted_scale_quintile,5,1947,0.901386748844376,45.2721604534696,0.0457113507960966,0.0529019003595275
cps_wage,1,Parametric-TI,predicted_scale_quintile,1,1948,0.963552361396304,37.1813574390613,0.0256673511293634,0.0107802874743326
cps_wage,1,Parametric-TI,predicted_scale_quintile,2,1948,0.942505133470226,42.5027623685285,0.0313141683778234,0.0261806981519507
cps_wage,1,Parametric-TI,predicted_scale_quintile,3,1948,0.947125256673511,44.5511550857062,0.0302874743326489,0.0225872689938398
cps_wage,1,Parametric-TI,predicted_scale_quintile,4,1948,0.956365503080082,43.9773721614658,0.0205338809034908,0.0231006160164271
cps_wage,1,Parametric-TI,predicted_scale_quintile,5,1947,0.934771443246019,52.0434968986385,0.0338983050847458,0.0313302516692347
cps_wage,2,SR-TI,predicted_scale_quintile,1,1948,0.893737166324435,22.5409520588039,0.0497946611909651,0.0564681724845996
cps_wage,2,SR-TI,predicted_scale_quintile,2,1948,0.914271047227926,29.7128198016061,0.0431211498973306,0.0426078028747433
cps_wage,2,SR-TI,predicted_scale_quintile,3,1948,0.916324435318275,32.452485755483,0.0415811088295688,0.0420944558521561
cps_wage,2,SR-TI,predicted_scale_quintile,4,1948,0.924537987679672,42.1475769874398,0.0390143737166324,0.0364476386036961
cps_wage,2,SR-TI,predicted_scale_quintile,5,1947,0.948125321006677,58.0740791982202,0.022085259373395,0.0297894196199281
cps_wage,2,ASR-TI,predicted_scale_quintile,1,1948,0.893737166324435,22.8626348869893,0.0539014373716633,0.0523613963039014
cps_wage,2,ASR-TI,predicted_scale_quintile,2,1948,0.909650924024641,30.2026236168359,0.0503080082135524,0.040041067761807
cps_wage,2,ASR-TI,predicted_scale_quintile,3,1948,0.914271047227926,33.0227684641468,0.0456878850102669,0.040041067761807
cps_wage,2,ASR-TI,predicted_scale_quintile,4,1948,0.922484599589322,42.991577275684,0.0441478439425051,0.0333675564681725
cps_wage,2,ASR-TI,predicted_scale_quintile,5,1947,0.946070878274268,59.5317484533516,0.0261941448382126,0.0277349768875193
cps_wage,2,CQR-TI,predicted_scale_quintile,1,1948,0.913244353182752,24.5485087994996,0.0420944558521561,0.0446611909650924
cps_wage,2,CQR-TI,predicted_scale_quintile,2,1948,0.92659137577002,31.5664625409576,0.0385010266940452,0.0349075975359343
cps_wage,2,CQR-TI,predicted_scale_quintile,3,1948,0.915811088295688,33.374152692048,0.0395277207392197,0.0446611909650924
cps_wage,2,CQR-TI,predicted_scale_quintile,4,1948,0.912731006160164,41.9275260145842,0.0441478439425051,0.0431211498973306
cps_wage,2,CQR-TI,predicted_scale_quintile,5,1947,0.921417565485362,49.7720878655922,0.0318438623523369,0.046738572162301
cps_wage,2,Parametric-TI,predicted_scale_quintile,1,1948,0.944558521560575,29.6570831810028,0.0287474332648871,0.026694045174538
cps_wage,2,Parametric-TI,predicted_scale_quintile,2,1948,0.943018480492813,34.7536943947498,0.0302874743326489,0.026694045174538
cps_wage,2,Parametric-TI,predicted_scale_quintile,3,1948,0.933264887063655,35.944078267359,0.0328542094455852,0.0338809034907598
cps_wage,2,Parametric-TI,predicted_scale_quintile,4,1948,0.92299794661191,41.5243297756165,0.0395277207392197,0.0374743326488706
cps_wage,2,Parametric-TI,predicted_scale_quintile,5,1947,0.912686183872625,45.8562545176668,0.0359527478171546,0.0513610683102209
cps_wage,3,SR-TI,predicted_scale_quintile,1,1948,0.869609856262834,21.2271872981766,0.0698151950718686,0.0605749486652977
cps_wage,3,SR-TI,predicted_scale_quintile,2,1948,0.896303901437372,29.5414096570283,0.0574948665297741,0.0462012320328542
cps_wage,3,SR-TI,predicted_scale_quintile,3,1948,0.919917864476386,34.2987397710446,0.0441478439425051,0.0359342915811088
cps_wage,3,SR-TI,predicted_scale_quintile,4,1948,0.924024640657084,42.8626864538033,0.0369609856262834,0.0390143737166324
cps_wage,3,SR-TI,predicted_scale_quintile,5,1947,0.939907550077042,54.8510026527747,0.0272213662044171,0.0328710837185413
cps_wage,3,ASR-TI,predicted_scale_quintile,1,1948,0.868069815195072,21.0992622156901,0.0693018480492813,0.0626283367556468
cps_wage,3,ASR-TI,predicted_scale_quintile,2,1948,0.896303901437372,29.3398612184342,0.0564681724845996,0.0472279260780288
cps_wage,3,ASR-TI,predicted_scale_quintile,3,1948,0.919917864476386,34.0499683464809,0.0436344969199179,0.0364476386036961
cps_wage,3,ASR-TI,predicted_scale_quintile,4,1948,0.924024640657084,42.531648798007,0.0369609856262834,0.0390143737166324
cps_wage,3,ASR-TI,predicted_scale_quintile,5,1947,0.939907550077042,54.3700637321292,0.0272213662044171,0.0328710837185413
cps_wage,3,CQR-TI,predicted_scale_quintile,1,1948,0.905030800821355,24.4447941820986,0.0492813141683778,0.0456878850102669
cps_wage,3,CQR-TI,predicted_scale_quintile,2,1948,0.906570841889117,31.9646174250426,0.053388090349076,0.040041067761807
cps_wage,3,CQR-TI,predicted_scale_quintile,3,1948,0.914784394250513,34.5026295121529,0.0482546201232033,0.0369609856262834
cps_wage,3,CQR-TI,predicted_scale_quintile,4,1948,0.909650924024641,41.4740934524037,0.0451745379876797,0.0451745379876797
cps_wage,3,CQR-TI,predicted_scale_quintile,5,1947,0.907550077041602,48.3381036206941,0.0426296866974833,0.0498202362609142
cps_wage,3,Parametric-TI,predicted_scale_quintile,1,1948,0.952772073921971,31.669360838516,0.0272073921971253,0.0200205338809035
cps_wage,3,Parametric-TI,predicted_scale_quintile,2,1948,0.940965092402464,36.92844965636,0.0338809034907598,0.0251540041067762
cps_wage,3,Parametric-TI,predicted_scale_quintile,3,1948,0.935831622176591,39.3585826282164,0.0374743326488706,0.026694045174538
cps_wage,3,Parametric-TI,predicted_scale_quintile,4,1948,0.930698151950719,45.034859443328,0.0328542094455852,0.0364476386036961
cps_wage,3,Parametric-TI,predicted_scale_quintile,5,1947,0.921931176168464,48.3101937391649,0.0349255264509502,0.0431432973805855
cps_wage,4,SR-TI,predicted_scale_quintile,1,1948,0.876796714579055,22.3700890593573,0.0590349075975359,0.0641683778234086
cps_wage,4,SR-TI,predicted_scale_quintile,2,1948,0.908624229979466,27.8518752353779,0.0518480492813142,0.0395277207392197
cps_wage,4,SR-TI,predicted_scale_quintile,3,1948,0.927618069815195,29.9297036195739,0.0451745379876797,0.0272073921971253
cps_wage,4,SR-TI,predicted_scale_quintile,4,1948,0.92659137577002,42.9214274035824,0.0441478439425051,0.0292607802874743
cps_wage,4,SR-TI,predicted_scale_quintile,5,1947,0.953261427837699,69.4115889048571,0.0231124807395994,0.0236260914227016
cps_wage,4,ASR-TI,predicted_scale_quintile,1,1948,0.876283367556468,22.5061212921836,0.0605749486652977,0.0631416837782341
cps_wage,4,ASR-TI,predicted_scale_quintile,2,1948,0.908624229979466,28.0422446857168,0.0523613963039014,0.0390143737166324
cps_wage,4,ASR-TI,predicted_scale_quintile,3,1948,0.927618069815195,30.1502893529893,0.0462012320328542,0.0261806981519507
cps_wage,4,ASR-TI,predicted_scale_quintile,4,1948,0.927104722792608,43.2843474904695,0.0451745379876797,0.0277207392197125
cps_wage,4,ASR-TI,predicted_scale_quintile,5,1947,0.951720595788392,70.1442180073285,0.024653312788906,0.0236260914227016
cps_wage,4,CQR-TI,predicted_scale_quintile,1,1948,0.90605749486653,25.7258978763673,0.0467145790554415,0.0472279260780288
cps_wage,4,CQR-TI,predicted_scale_quintile,2,1948,0.915297741273101,29.2434850378861,0.0462012320328542,0.0385010266940452
cps_wage,4,CQR-TI,predicted_scale_quintile,3,1948,0.918377823408624,29.70810486081,0.0472279260780288,0.034394250513347
cps_wage,4,CQR-TI,predicted_scale_quintile,4,1948,0.916837782340862,42.780925311255,0.0492813141683778,0.0338809034907598
cps_wage,4,CQR-TI,predicted_scale_quintile,5,1947,0.926553672316384,58.5090470264762,0.0359527478171546,0.0374935798664612
cps_wage,4,Parametric-TI,predicted_scale_quintile,1,1948,0.921457905544148,27.6329341650678,0.0420944558521561,0.0364476386036961
cps_wage,4,Parametric-TI,predicted_scale_quintile,2,1948,0.931211498973306,30.933895637212,0.0395277207392197,0.0292607802874743
cps_wage,4,Parametric-TI,predicted_scale_quintile,3,1948,0.933778234086242,30.9577588289124,0.0420944558521561,0.0241273100616016
cps_wage,4,Parametric-TI,predicted_scale_quintile,4,1948,0.912731006160164,38.7646309409874,0.0497946611909651,0.0374743326488706
cps_wage,4,Parametric-TI,predicted_scale_quintile,5,1947,0.900359527478172,49.0589288131866,0.0487930148947098,0.0508474576271187
cps_wage,5,SR-TI,predicted_scale_quintile,1,1948,0.891170431211499,25.8652623876364,0.0574948665297741,0.0513347022587269
cps_wage,5,SR-TI,predicted_scale_quintile,2,1948,0.907084188911704,30.2852314763999,0.0410677618069815,0.0518480492813142
cps_wage,5,SR-TI,predicted_scale_quintile,3,1948,0.914784394250513,31.8210315675293,0.0467145790554415,0.0385010266940452
cps_wage,5,SR-TI,predicted_scale_quintile,4,1948,0.917864476386037,41.3975192966761,0.0426078028747433,0.0395277207392197
cps_wage,5,SR-TI,predicted_scale_quintile,5,1947,0.947098099640472,59.4919131354589,0.0318438623523369,0.0210580380071906
cps_wage,5,ASR-TI,predicted_scale_quintile,1,1948,0.891683778234086,25.7485457106975,0.0549281314168378,0.053388090349076
cps_wage,5,ASR-TI,predicted_scale_quintile,2,1948,0.908110882956879,30.1303029224858,0.0395277207392197,0.0523613963039014
cps_wage,5,ASR-TI,predicted_scale_quintile,3,1948,0.915811088295688,31.6446805796116,0.0436344969199179,0.0405544147843943
cps_wage,5,ASR-TI,predicted_scale_quintile,4,1948,0.919404517453799,41.1353371188241,0.0405544147843943,0.040041067761807
cps_wage,5,ASR-TI,predicted_scale_quintile,5,1947,0.949152542372881,58.9482962002575,0.0297894196199281,0.0210580380071906
cps_wage,5,CQR-TI,predicted_scale_quintile,1,1948,0.919917864476386,29.5646640972005,0.0441478439425051,0.0359342915811088
cps_wage,5,CQR-TI,predicted_scale_quintile,2,1948,0.910677618069815,32.8875490672633,0.0462012320328542,0.0431211498973306
cps_wage,5,CQR-TI,predicted_scale_quintile,3,1948,0.904517453798768,31.527971899657,0.0497946611909651,0.0456878850102669
cps_wage,5,CQR-TI,predicted_scale_quintile,4,1948,0.912217659137577,42.2602760920898,0.0462012320328542,0.0415811088295688
cps_wage,5,CQR-TI,predicted_scale_quintile,5,1947,0.91628145865434,46.6605552141578,0.0457113507960966,0.0380071905495634
cps_wage,5,Parametric-TI,predicted_scale_quintile,1,1948,0.953285420944558,35.4349716626267,0.0241273100616016,0.0225872689938398
cps_wage,5,Parametric-TI,predicted_scale_quintile,2,1948,0.945585215605749,38.1247031696396,0.0261806981519507,0.0282340862422998
cps_wage,5,Parametric-TI,predicted_scale_quintile,3,1948,0.945071868583162,37.8461072382823,0.0313141683778234,0.0236139630390144
cps_wage,5,Parametric-TI,predicted_scale_quintile,4,1948,0.929671457905544,44.4567098276935,0.0359342915811088,0.034394250513347
cps_wage,5,Parametric-TI,predicted_scale_quintile,5,1947,0.929121725731895,46.3416106352025,0.0405752439650745,0.0303030303030303
cps_wage,6,SR-TI,predicted_scale_quintile,1,1948,0.87782340862423,20.9330673657412,0.0590349075975359,0.0631416837782341
cps_wage,6,SR-TI,predicted_scale_quintile,2,1948,0.891170431211499,27.1431618717925,0.0549281314168378,0.0539014373716633
cps_wage,6,SR-TI,predicted_scale_quintile,3,1948,0.911190965092402,30.944576343937,0.0431211498973306,0.0456878850102669
cps_wage,6,SR-TI,predicted_scale_quintile,4,1948,0.929671457905544,39.952266561788,0.0302874743326489,0.040041067761807
cps_wage,6,SR-TI,predicted_scale_quintile,5,1947,0.942475603492553,66.2186396621806,0.0231124807395994,0.034411915767848
cps_wage,6,ASR-TI,predicted_scale_quintile,1,1948,0.880903490759754,21.1077341184068,0.0595482546201232,0.0595482546201232
cps_wage,6,ASR-TI,predicted_scale_quintile,2,1948,0.890657084188912,27.3921200201939,0.0564681724845996,0.0528747433264887
cps_wage,6,ASR-TI,predicted_scale_quintile,3,1948,0.910677618069815,31.2488219495818,0.0446611909650924,0.0446611909650924
cps_wage,6,ASR-TI,predicted_scale_quintile,4,1948,0.931211498973306,40.3835400871093,0.0308008213552361,0.0379876796714579
cps_wage,6,ASR-TI,predicted_scale_quintile,5,1947,0.945043656908064,67.1028180217274,0.0231124807395994,0.0318438623523369
cps_wage,6,CQR-TI,predicted_scale_quintile,1,1948,0.913244353182752,25.0051522940071,0.0431211498973306,0.0436344969199179
cps_wage,6,CQR-TI,predicted_scale_quintile,2,1948,0.904004106776181,29.2219172616394,0.0508213552361396,0.0451745379876797
cps_wage,6,CQR-TI,predicted_scale_quintile,3,1948,0.90605749486653,30.8756343692451,0.0467145790554415,0.0472279260780288
cps_wage,6,CQR-TI,predicted_scale_quintile,4,1948,0.915297741273101,37.5264375719542,0.0364476386036961,0.0482546201232033
cps_wage,6,CQR-TI,predicted_scale_quintile,5,1947,0.919363122752953,53.5620570984701,0.0338983050847458,0.046738572162301
cps_wage,6,Parametric-TI,predicted_scale_quintile,1,1948,0.952258726899384,31.0502559581141,0.0246406570841889,0.0231006160164271
cps_wage,6,Parametric-TI,predicted_scale_quintile,2,1948,0.944045174537988,35.7559060567735,0.0308008213552361,0.0251540041067762
cps_wage,6,Parametric-TI,predicted_scale_quintile,3,1948,0.944045174537988,37.3480384517051,0.0277207392197125,0.0282340862422998
cps_wage,6,Parametric-TI,predicted_scale_quintile,4,1948,0.937371663244353,42.7967872149159,0.0282340862422998,0.034394250513347
cps_wage,6,Parametric-TI,predicted_scale_quintile,5,1947,0.921931176168464,53.955592454082,0.0318438623523369,0.0462249614791988
cps_wage,7,SR-TI,predicted_scale_quintile,1,1948,0.89476386036961,22.1676600358047,0.0569815195071869,0.0482546201232033
cps_wage,7,SR-TI,predicted_scale_quintile,2,1948,0.891683778234086,26.6849422108258,0.0585215605749487,0.0497946611909651
cps_wage,7,SR-TI,predicted_scale_quintile,3,1948,0.901950718685832,34.8340262268156,0.0503080082135524,0.047741273100616
cps_wage,7,SR-TI,predicted_scale_quintile,4,1948,0.933778234086242,39.1227811040707,0.0328542094455852,0.0333675564681725
cps_wage,7,SR-TI,predicted_scale_quintile,5,1947,0.94658448895737,61.6427921304866,0.0251669234720082,0.0282485875706215
cps_wage,7,ASR-TI,predicted_scale_quintile,1,1948,0.895277207392197,22.5945757876534,0.0595482546201232,0.0451745379876797
cps_wage,7,ASR-TI,predicted_scale_quintile,2,1948,0.890143737166324,27.2342079013532,0.0621149897330596,0.047741273100616
cps_wage,7,ASR-TI,predicted_scale_quintile,3,1948,0.902977412731006,35.5920797180119,0.0523613963039014,0.0446611909650924
cps_wage,7,ASR-TI,predicted_scale_quintile,4,1948,0.936344969199179,40.0595783668887,0.0328542094455852,0.0308008213552361
cps_wage,7,ASR-TI,predicted_scale_quintile,5,1947,0.94658448895737,63.4641608325384,0.0277349768875193,0.0256805341551104
cps_wage,7,CQR-TI,predicted_scale_quintile,1,1948,0.916324435318275,27.5473528190599,0.0523613963039014,0.0313141683778234
cps_wage,7,CQR-TI,predicted_scale_quintile,2,1948,0.90041067761807,29.4747720787539,0.0564681724845996,0.0431211498973306
cps_wage,7,CQR-TI,predicted_scale_quintile,3,1948,0.910164271047228,37.5855934360125,0.0508213552361396,0.0390143737166324
cps_wage,7,CQR-TI,predicted_scale_quintile,4,1948,0.923511293634497,39.3396923389547,0.0410677618069815,0.0354209445585216
cps_wage,7,CQR-TI,predicted_scale_quintile,5,1947,0.913713405238829,50.0187136434756,0.0390344119157679,0.0472521828454032
cps_wage,7,Parametric-TI,predicted_scale_quintile,1,1948,0.956365503080082,30.9924044293608,0.0261806981519507,0.0174537987679671
cps_wage,7,Parametric-TI,predicted_scale_quintile,2,1948,0.935831622176591,34.086794474575,0.0379876796714579,0.0261806981519507
cps_wage,7,Parametric-TI,predicted_scale_quintile,3,1948,0.93429158110883,41.3048739635231,0.0369609856262834,0.0287474332648871
cps_wage,7,Parametric-TI,predicted_scale_quintile,4,1948,0.938398357289528,40.7633171020545,0.0302874743326489,0.0313141683778234
cps_wage,7,Parametric-TI,predicted_scale_quintile,5,1947,0.910631741140216,48.2676580996438,0.0405752439650745,0.0487930148947098
cps_wage,8,SR-TI,predicted_scale_quintile,1,1948,0.854722792607803,22.5984418829845,0.0811088295687885,0.0641683778234086
cps_wage,8,SR-TI,predicted_scale_quintile,2,1948,0.908624229979466,29.0434549409908,0.0456878850102669,0.0456878850102669
cps_wage,8,SR-TI,predicted_scale_quintile,3,1948,0.914784394250513,33.2366908583035,0.0492813141683778,0.0359342915811088
cps_wage,8,SR-TI,predicted_scale_quintile,4,1948,0.93429158110883,39.5493135628763,0.0349075975359343,0.0308008213552361
cps_wage,8,SR-TI,predicted_scale_quintile,5,1947,0.944530046224962,66.5672405547185,0.0277349768875193,0.0277349768875193
cps_wage,8,ASR-TI,predicted_scale_quintile,1,1948,0.85523613963039,22.7266494690539,0.082135523613963,0.0626283367556468
cps_wage,8,ASR-TI,predicted_scale_quintile,2,1948,0.909650924024641,29.2305034418466,0.047741273100616,0.0426078028747433
cps_wage,8,ASR-TI,predicted_scale_quintile,3,1948,0.913757700205339,33.4666925360677,0.0508213552361396,0.0354209445585216
cps_wage,8,ASR-TI,predicted_scale_quintile,4,1948,0.93429158110883,39.8533923213715,0.0364476386036961,0.0292607802874743
cps_wage,8,ASR-TI,predicted_scale_quintile,5,1947,0.944530046224962,67.260670571258,0.0287621982537237,0.0267077555213148
cps_wage,8,CQR-TI,predicted_scale_quintile,1,1948,0.899897330595483,28.2054043289632,0.061088295687885,0.0390143737166324
cps_wage,8,CQR-TI,predicted_scale_quintile,2,1948,0.920431211498973,31.4905951638012,0.0431211498973306,0.0364476386036961
cps_wage,8,CQR-TI,predicted_scale_quintile,3,1948,0.907597535934292,34.877214155791,0.0564681724845996,0.0359342915811088
cps_wage,8,CQR-TI,predicted_scale_quintile,4,1948,0.92299794661191,38.2835246668585,0.0415811088295688,0.0354209445585216
cps_wage,8,CQR-TI,predicted_scale_quintile,5,1947,0.919876733436056,54.3368260816156,0.0410888546481767,0.0390344119157679
cps_wage,8,Parametric-TI,predicted_scale_quintile,1,1948,0.932238193018481,31.476346167009,0.0405544147843943,0.0272073921971253
cps_wage,8,Parametric-TI,predicted_scale_quintile,2,1948,0.942505133470226,35.562545913426,0.0313141683778234,0.0261806981519507
cps_wage,8,Parametric-TI,predicted_scale_quintile,3,1948,0.935831622176591,37.8536406879162,0.0395277207392197,0.0246406570841889
cps_wage,8,Parametric-TI,predicted_scale_quintile,4,1948,0.934804928131417,40.3176797700123,0.0338809034907598,0.0313141683778234
cps_wage,8,Parametric-TI,predicted_scale_quintile,5,1947,0.91165896250642,48.4033534702175,0.0431432973805855,0.0451977401129944
cps_wage,9,SR-TI,predicted_scale_quintile,1,1948,0.876283367556468,24.8594905114243,0.0682751540041068,0.0554414784394251
cps_wage,9,SR-TI,predicted_scale_quintile,2,1948,0.91170431211499,28.7792971872058,0.047741273100616,0.0405544147843943
cps_wage,9,SR-TI,predicted_scale_quintile,3,1948,0.920431211498973,32.8512909483312,0.0441478439425051,0.0354209445585216
cps_wage,9,SR-TI,predicted_scale_quintile,4,1948,0.931724845995893,40.6492010685762,0.0287474332648871,0.0395277207392197
cps_wage,9,SR-TI,predicted_scale_quintile,5,1947,0.942989214175655,57.0849999437673,0.024653312788906,0.0323574730354391
cps_wage,9,ASR-TI,predicted_scale_quintile,1,1948,0.87782340862423,24.8249322376871,0.0662217659137577,0.0559548254620123
cps_wage,9,ASR-TI,predicted_scale_quintile,2,1948,0.912217659137577,28.7305545094315,0.0472279260780288,0.0405544147843943
cps_wage,9,ASR-TI,predicted_scale_quintile,3,1948,0.921457905544148,32.7886226507149,0.0431211498973306,0.0354209445585216
cps_wage,9,ASR-TI,predicted_scale_quintile,4,1948,0.931211498973306,40.5591100132127,0.0287474332648871,0.040041067761807
cps_wage,9,ASR-TI,predicted_scale_quintile,5,1947,0.943502824858757,56.9251586643275,0.0241397021058038,0.0323574730354391
cps_wage,9,CQR-TI,predicted_scale_quintile,1,1948,0.911190965092402,29.6012022701848,0.0472279260780288,0.0415811088295688
cps_wage,9,CQR-TI,predicted_scale_quintile,2,1948,0.921971252566735,30.7034518311914,0.040041067761807,0.0379876796714579
cps_wage,9,CQR-TI,predicted_scale_quintile,3,1948,0.929158110882957,33.2889699288921,0.0364476386036961,0.034394250513347
cps_wage,9,CQR-TI,predicted_scale_quintile,4,1948,0.919917864476386,38.0766349183339,0.0354209445585216,0.0446611909650924
cps_wage,9,CQR-TI,predicted_scale_quintile,5,1947,0.903441191576785,46.3826142875091,0.0426296866974833,0.0539291217257319
cps_wage,9,Parametric-TI,predicted_scale_quintile,1,1948,0.952258726899384,37.9632197436711,0.026694045174538,0.021047227926078
cps_wage,9,Parametric-TI,predicted_scale_quintile,2,1948,0.955338809034908,38.9542711906686,0.0256673511293634,0.018993839835729
cps_wage,9,Parametric-TI,predicted_scale_quintile,3,1948,0.950205338809035,41.0242265386358,0.0261806981519507,0.0236139630390144
cps_wage,9,Parametric-TI,predicted_scale_quintile,4,1948,0.947638603696099,45.3861775164699,0.0251540041067762,0.0272073921971253
cps_wage,9,Parametric-TI,predicted_scale_quintile,5,1947,0.929635336414997,52.1435849050549,0.0318438623523369,0.0385208012326656
cps_wage,10,SR-TI,predicted_scale_quintile,1,1948,0.887063655030801,22.3992224797549,0.0636550308008214,0.0492813141683778
cps_wage,10,SR-TI,predicted_scale_quintile,2,1948,0.918891170431212,27.4262606264472,0.0420944558521561,0.0390143737166324
cps_wage,10,SR-TI,predicted_scale_quintile,3,1948,0.924537987679672,32.4551912291749,0.0385010266940452,0.0369609856262834
cps_wage,10,SR-TI,predicted_scale_quintile,4,1948,0.931724845995893,45.7909871292778,0.0308008213552361,0.0374743326488706
cps_wage,10,SR-TI,predicted_scale_quintile,5,1947,0.956343091936312,66.8503386067977,0.0225988700564972,0.0210580380071906
cps_wage,10,ASR-TI,predicted_scale_quintile,1,1948,0.888603696098563,22.331555040388,0.0621149897330596,0.0492813141683778
cps_wage,10,ASR-TI,predicted_scale_quintile,2,1948,0.918891170431212,27.3298992878787,0.0405544147843943,0.0405544147843943
cps_wage,10,ASR-TI,predicted_scale_quintile,3,1948,0.925564681724846,32.3287566003738,0.0374743326488706,0.0369609856262834
cps_wage,10,ASR-TI,predicted_scale_quintile,4,1948,0.931724845995893,45.58836952508,0.0297741273100616,0.0385010266940452
cps_wage,10,ASR-TI,predicted_scale_quintile,5,1947,0.957370313302517,66.424409164476,0.0210580380071906,0.0215716486902928
cps_wage,10,CQR-TI,predicted_scale_quintile,1,1948,0.904004106776181,25.7685154859733,0.0559548254620123,0.040041067761807
cps_wage,10,CQR-TI,predicted_scale_quintile,2,1948,0.927618069815195,28.4919662186548,0.0359342915811088,0.0364476386036961
cps_wage,10,CQR-TI,predicted_scale_quintile,3,1948,0.915297741273101,31.8188817552787,0.0410677618069815,0.0436344969199179
cps_wage,10,CQR-TI,predicted_scale_quintile,4,1948,0.927618069815195,45.0107266094986,0.0318275154004107,0.0405544147843943
cps_wage,10,CQR-TI,predicted_scale_quintile,5,1947,0.916795069337442,50.2189011207901,0.0416024653312789,0.0416024653312789
cps_wage,10,Parametric-TI,predicted_scale_quintile,1,1948,0.958932238193018,36.2103693229244,0.0308008213552361,0.0102669404517454
cps_wage,10,Parametric-TI,predicted_scale_quintile,2,1948,0.967659137577002,39.6267356482705,0.021047227926078,0.0112936344969199
cps_wage,10,Parametric-TI,predicted_scale_quintile,3,1948,0.963039014373717,43.283000809535,0.0231006160164271,0.0138603696098563
cps_wage,10,Parametric-TI,predicted_scale_quintile,4,1948,0.954312114989733,54.8833235499196,0.0215605749486653,0.0241273100616016
cps_wage,10,Parametric-TI,predicted_scale_quintile,5,1947,0.944530046224962,56.8917068309468,0.0292758089368259,0.0261941448382126
cps_wage,11,SR-TI,predicted_scale_quintile,1,1948,0.870636550308008,21.1270587875794,0.066735112936345,0.0626283367556468
cps_wage,11,SR-TI,predicted_scale_quintile,2,1948,0.910677618069815,26.8901902926881,0.0518480492813142,0.0374743326488706
cps_wage,11,SR-TI,predicted_scale_quintile,3,1948,0.925051334702259,31.6518706833663,0.0405544147843943,0.034394250513347
cps_wage,11,SR-TI,predicted_scale_quintile,4,1948,0.934804928131417,46.691289213975,0.0333675564681725,0.0318275154004107
cps_wage,11,SR-TI,predicted_scale_quintile,5,1947,0.947611710323575,67.4914672061687,0.0241397021058038,0.0282485875706215
cps_wage,11,ASR-TI,predicted_scale_quintile,1,1948,0.876796714579055,21.6587295377569,0.0693018480492813,0.0539014373716633
cps_wage,11,ASR-TI,predicted_scale_quintile,2,1948,0.907084188911704,27.656204499323,0.0569815195071869,0.0359342915811088
cps_wage,11,ASR-TI,predicted_scale_quintile,3,1948,0.925564681724846,32.6350834181907,0.0431211498973306,0.0313141683778234
cps_wage,11,ASR-TI,predicted_scale_quintile,4,1948,0.934804928131417,48.3146646842364,0.0359342915811088,0.0292607802874743
cps_wage,11,ASR-TI,predicted_scale_quintile,5,1947,0.949666153055984,70.3868351976096,0.0251669234720082,0.0251669234720082
cps_wage,11,CQR-TI,predicted_scale_quintile,1,1948,0.910164271047228,25.9413488792374,0.0467145790554415,0.0431211498973306
cps_wage,11,CQR-TI,predicted_scale_quintile,2,1948,0.916324435318275,28.7053946780889,0.0503080082135524,0.0333675564681725
cps_wage,11,CQR-TI,predicted_scale_quintile,3,1948,0.912731006160164,31.0607356922707,0.0456878850102669,0.0415811088295688
cps_wage,11,CQR-TI,predicted_scale_quintile,4,1948,0.91735112936345,44.0905018306937,0.0410677618069815,0.0415811088295688
cps_wage,11,CQR-TI,predicted_scale_quintile,5,1947,0.908577298407807,52.828096115744,0.0385208012326656,0.0529019003595275
cps_wage,11,Parametric-TI,predicted_scale_quintile,1,1948,0.941478439425051,29.6851898268792,0.0328542094455852,0.0256673511293634
cps_wage,11,Parametric-TI,predicted_scale_quintile,2,1948,0.937885010266941,32.1848994719681,0.0379876796714579,0.0241273100616016
cps_wage,11,Parametric-TI,predicted_scale_quintile,3,1948,0.935831622176591,33.9397025222727,0.034394250513347,0.0297741273100616
cps_wage,11,Parametric-TI,predicted_scale_quintile,4,1948,0.92299794661191,43.2109492482152,0.0379876796714579,0.0390143737166324
cps_wage,11,Parametric-TI,predicted_scale_quintile,5,1947,0.903954802259887,47.3485656836437,0.0436569080636877,0.0523882896764253
cps_wage,12,SR-TI,predicted_scale_quintile,1,1948,0.885010266940452,21.2935027574697,0.0513347022587269,0.0636550308008214
cps_wage,12,SR-TI,predicted_scale_quintile,2,1948,0.905030800821355,30.4156551917943,0.0472279260780288,0.047741273100616
cps_wage,12,SR-TI,predicted_scale_quintile,3,1948,0.916837782340862,33.368182699236,0.0426078028747433,0.0405544147843943
cps_wage,12,SR-TI,predicted_scale_quintile,4,1948,0.920431211498973,42.7159748171823,0.0385010266940452,0.0410677618069815
cps_wage,12,SR-TI,predicted_scale_quintile,5,1947,0.945043656908064,57.7070930023912,0.0277349768875193,0.0272213662044171
cps_wage,12,ASR-TI,predicted_scale_quintile,1,1948,0.885523613963039,21.4704008772676,0.0518480492813142,0.0626283367556468
cps_wage,12,ASR-TI,predicted_scale_quintile,2,1948,0.908110882956879,30.6942427720944,0.0472279260780288,0.0446611909650924
cps_wage,12,ASR-TI,predicted_scale_quintile,3,1948,0.91735112936345,33.6867187150655,0.0431211498973306,0.0395277207392197
cps_wage,12,ASR-TI,predicted_scale_quintile,4,1948,0.921457905544148,43.156894543675,0.0385010266940452,0.040041067761807
cps_wage,12,ASR-TI,predicted_scale_quintile,5,1947,0.945557267591166,58.4210846820963,0.0282485875706215,0.0261941448382126
cps_wage,12,CQR-TI,predicted_scale_quintile,1,1948,0.918891170431212,24.5139639493204,0.0379876796714579,0.0431211498973306
cps_wage,12,CQR-TI,predicted_scale_quintile,2,1948,0.911190965092402,32.2212621126124,0.0431211498973306,0.0456878850102669
cps_wage,12,CQR-TI,predicted_scale_quintile,3,1948,0.918891170431212,34.7334584815041,0.0390143737166324,0.0420944558521561
cps_wage,12,CQR-TI,predicted_scale_quintile,4,1948,0.921457905544148,43.2878202613331,0.0354209445585216,0.0431211498973306
cps_wage,12,CQR-TI,predicted_scale_quintile,5,1947,0.908063687724705,47.5028332851683,0.049306625577812,0.0426296866974833
cps_wage,12,Parametric-TI,predicted_scale_quintile,1,1948,0.938398357289528,28.1202592664238,0.0313141683778234,0.0302874743326489
cps_wage,12,Parametric-TI,predicted_scale_quintile,2,1948,0.931211498973306,34.6998522739775,0.034394250513347,0.034394250513347
cps_wage,12,Parametric-TI,predicted_scale_quintile,3,1948,0.930184804928131,35.8995635148159,0.0369609856262834,0.0328542094455852
cps_wage,12,Parametric-TI,predicted_scale_quintile,4,1948,0.91735112936345,41.1535649687277,0.0405544147843943,0.0420944558521561
cps_wage,12,Parametric-TI,predicted_scale_quintile,5,1947,0.900359527478172,42.8739873123739,0.0564971751412429,0.0431432973805855
cps_wage,13,SR-TI,predicted_scale_quintile,1,1948,0.881416837782341,24.33481507397,0.0636550308008214,0.0549281314168378
cps_wage,13,SR-TI,predicted_scale_quintile,2,1948,0.907084188911704,31.5336016882735,0.0487679671457906,0.0441478439425051
cps_wage,13,SR-TI,predicted_scale_quintile,3,1948,0.915811088295688,38.3579949844422,0.0426078028747433,0.0415811088295688
cps_wage,13,SR-TI,predicted_scale_quintile,4,1948,0.927618069815195,42.5143974343386,0.0405544147843943,0.0318275154004107
cps_wage,13,SR-TI,predicted_scale_quintile,5,1947,0.956343091936312,48.0961441164507,0.022085259373395,0.0215716486902928
cps_wage,13,ASR-TI,predicted_scale_quintile,1,1948,0.878850102669405,24.8095630131504,0.0698151950718686,0.0513347022587269
cps_wage,13,ASR-TI,predicted_scale_quintile,2,1948,0.903490759753593,32.2126534733941,0.0559548254620123,0.0405544147843943
cps_wage,13,ASR-TI,predicted_scale_quintile,3,1948,0.916837782340862,39.2448424491222,0.0456878850102669,0.0374743326488706
cps_wage,13,ASR-TI,predicted_scale_quintile,4,1948,0.926078028747433,43.5927534249094,0.0446611909650924,0.0292607802874743
cps_wage,13,ASR-TI,predicted_scale_quintile,5,1947,0.954288649203903,49.5625534718896,0.0272213662044171,0.0184899845916795
cps_wage,13,CQR-TI,predicted_scale_quintile,1,1948,0.90605749486653,27.2236130638707,0.0539014373716633,0.040041067761807
cps_wage,13,CQR-TI,predicted_scale_quintile,2,1948,0.912217659137577,33.3221951439436,0.0472279260780288,0.0405544147843943
cps_wage,13,CQR-TI,predicted_scale_quintile,3,1948,0.919404517453799,42.4326620724922,0.040041067761807,0.0405544147843943
cps_wage,13,CQR-TI,predicted_scale_quintile,4,1948,0.919404517453799,44.5656121096639,0.0487679671457906,0.0318275154004107
cps_wage,13,CQR-TI,predicted_scale_quintile,5,1947,0.918849512069851,40.3305975464579,0.0446841294298921,0.0364663585002568
cps_wage,13,Parametric-TI,predicted_scale_quintile,1,1948,0.940451745379877,32.7792843731505,0.0333675564681725,0.0261806981519507
cps_wage,13,Parametric-TI,predicted_scale_quintile,2,1948,0.945585215605749,38.4238223323695,0.0292607802874743,0.0251540041067762
cps_wage,13,Parametric-TI,predicted_scale_quintile,3,1948,0.935318275154004,43.4612484081029,0.0308008213552361,0.0338809034907598
cps_wage,13,Parametric-TI,predicted_scale_quintile,4,1948,0.929671457905544,43.673713472202,0.0405544147843943,0.0297741273100616
cps_wage,13,Parametric-TI,predicted_scale_quintile,5,1947,0.931689779147406,40.4468347889713,0.0349255264509502,0.0333846944016436
cps_wage,14,SR-TI,predicted_scale_quintile,1,1948,0.893223819301848,23.2304899917982,0.0472279260780288,0.0595482546201232
cps_wage,14,SR-TI,predicted_scale_quintile,2,1948,0.92659137577002,29.2917437426848,0.0410677618069815,0.032340862422998
cps_wage,14,SR-TI,predicted_scale_quintile,3,1948,0.911190965092402,32.8064879772175,0.0456878850102669,0.0431211498973306
cps_wage,14,SR-TI,predicted_scale_quintile,4,1948,0.91170431211499,43.8944729192892,0.0462012320328542,0.0420944558521561
cps_wage,14,SR-TI,predicted_scale_quintile,5,1947,0.942989214175655,54.1434277443159,0.0303030303030303,0.0267077555213148
cps_wage,14,ASR-TI,predicted_scale_quintile,1,1948,0.892710472279261,23.1183245707324,0.0467145790554415,0.0605749486652977
cps_wage,14,ASR-TI,predicted_scale_quintile,2,1948,0.925051334702259,29.1393241344562,0.0410677618069815,0.0338809034907598
cps_wage,14,ASR-TI,predicted_scale_quintile,3,1948,0.910677618069815,32.6294615455152,0.0456878850102669,0.0436344969199179
cps_wage,14,ASR-TI,predicted_scale_quintile,4,1948,0.910677618069815,43.6434729799321,0.0462012320328542,0.0431211498973306
cps_wage,14,ASR-TI,predicted_scale_quintile,5,1947,0.942989214175655,53.7754458513543,0.0292758089368259,0.0277349768875193
cps_wage,14,CQR-TI,predicted_scale_quintile,1,1948,0.914271047227926,25.9617633906359,0.0420944558521561,0.0436344969199179
cps_wage,14,CQR-TI,predicted_scale_quintile,2,1948,0.928131416837782,31.3710013747201,0.0410677618069815,0.0308008213552361
cps_wage,14,CQR-TI,predicted_scale_quintile,3,1948,0.913757700205339,33.6072214414825,0.0451745379876797,0.0410677618069815
cps_wage,14,CQR-TI,predicted_scale_quintile,4,1948,0.906570841889117,44.603977654784,0.0467145790554415,0.0467145790554415
cps_wage,14,CQR-TI,predicted_scale_quintile,5,1947,0.909604519774011,45.5980022849624,0.046738572162301,0.0436569080636877
cps_wage,14,Parametric-TI,predicted_scale_quintile,1,1948,0.936344969199179,28.4014726592408,0.0338809034907598,0.0297741273100616
cps_wage,14,Parametric-TI,predicted_scale_quintile,2,1948,0.940965092402464,32.4658291922324,0.0349075975359343,0.0241273100616016
cps_wage,14,Parametric-TI,predicted_scale_quintile,3,1948,0.923511293634497,34.6935337298261,0.0395277207392197,0.0369609856262834
cps_wage,14,Parametric-TI,predicted_scale_quintile,4,1948,0.907597535934292,43.0563198593084,0.0487679671457906,0.0436344969199179
cps_wage,14,Parametric-TI,predicted_scale_quintile,5,1947,0.907550077041602,42.723658466357,0.0482794042116076,0.0441705187467899
cps_wage,15,SR-TI,predicted_scale_quintile,1,1948,0.881930184804928,20.0145258032278,0.0600616016427105,0.0580082135523614
cps_wage,15,SR-TI,predicted_scale_quintile,2,1948,0.912217659137577,26.7227574694851,0.0503080082135524,0.0374743326488706
cps_wage,15,SR-TI,predicted_scale_quintile,3,1948,0.927104722792608,32.9061010315106,0.0369609856262834,0.0359342915811088
cps_wage,15,SR-TI,predicted_scale_quintile,4,1948,0.918891170431212,43.4740714870149,0.0405544147843943,0.0405544147843943
cps_wage,15,SR-TI,predicted_scale_quintile,5,1947,0.940421160760144,65.8700170419668,0.0256805341551104,0.0338983050847458
cps_wage,15,ASR-TI,predicted_scale_quintile,1,1948,0.885010266940452,20.6483627067787,0.0631416837782341,0.0518480492813142
cps_wage,15,ASR-TI,predicted_scale_quintile,2,1948,0.912731006160164,27.6625570109455,0.0539014373716633,0.0333675564681725
cps_wage,15,ASR-TI,predicted_scale_quintile,3,1948,0.92659137577002,34.1327162367812,0.040041067761807,0.0333675564681725
cps_wage,15,ASR-TI,predicted_scale_quintile,4,1948,0.921457905544148,45.2269611679938,0.0420944558521561,0.0364476386036961
cps_wage,15,ASR-TI,predicted_scale_quintile,5,1947,0.942475603492553,69.1019392005622,0.0272213662044171,0.0303030303030303
cps_wage,15,CQR-TI,predicted_scale_quintile,1,1948,0.912731006160164,23.6827343810311,0.0467145790554415,0.0405544147843943
cps_wage,15,CQR-TI,predicted_scale_quintile,2,1948,0.913244353182752,28.4185066015774,0.053388090349076,0.0333675564681725
cps_wage,15,CQR-TI,predicted_scale_quintile,3,1948,0.91735112936345,32.7310061695742,0.0426078028747433,0.040041067761807
cps_wage,15,CQR-TI,predicted_scale_quintile,4,1948,0.910164271047228,43.2942177371748,0.0426078028747433,0.0472279260780288
cps_wage,15,CQR-TI,predicted_scale_quintile,5,1947,0.915767847971238,55.8014395829776,0.0380071905495634,0.0462249614791988
cps_wage,15,Parametric-TI,predicted_scale_quintile,1,1948,0.964065708418891,32.7372882575913,0.0236139630390144,0.0123203285420945
cps_wage,15,Parametric-TI,predicted_scale_quintile,2,1948,0.958418891170431,37.5794599464777,0.0231006160164271,0.0184804928131417
cps_wage,15,Parametric-TI,predicted_scale_quintile,3,1948,0.962012320328542,42.70322713755,0.0200205338809035,0.0179671457905544
cps_wage,15,Parametric-TI,predicted_scale_quintile,4,1948,0.943531827515401,50.617514852727,0.0272073921971253,0.0292607802874743
cps_wage,15,Parametric-TI,predicted_scale_quintile,5,1947,0.927580893682589,58.4712002091254,0.0323574730354391,0.0400616332819723
cps_wage,16,SR-TI,predicted_scale_quintile,1,1948,0.853182751540041,19.752290225698,0.0780287474332649,0.0687885010266941
cps_wage,16,SR-TI,predicted_scale_quintile,2,1948,0.902464065708419,28.4915045643531,0.0539014373716633,0.0436344969199179
cps_wage,16,SR-TI,predicted_scale_quintile,3,1948,0.922484599589322,35.0768408262115,0.034394250513347,0.0431211498973306
cps_wage,16,SR-TI,predicted_scale_quintile,4,1948,0.930698151950719,41.693033141426,0.0282340862422998,0.0410677618069815
cps_wage,16,SR-TI,predicted_scale_quintile,5,1947,0.947098099640472,55.3928377490178,0.0225988700564972,0.0303030303030303
cps_wage,16,ASR-TI,predicted_scale_quintile,1,1948,0.852669404517454,19.9890952225397,0.0795687885010267,0.0677618069815195
cps_wage,16,ASR-TI,predicted_scale_quintile,2,1948,0.902977412731006,28.8805310614859,0.0554414784394251,0.0415811088295688
cps_wage,16,ASR-TI,predicted_scale_quintile,3,1948,0.924024640657084,35.5852501160779,0.0354209445585216,0.0405544147843943
cps_wage,16,ASR-TI,predicted_scale_quintile,4,1948,0.932238193018481,42.3392105637126,0.0292607802874743,0.0385010266940452
cps_wage,16,ASR-TI,predicted_scale_quintile,5,1947,0.948125321006677,56.3940692457625,0.0241397021058038,0.0277349768875193
cps_wage,16,CQR-TI,predicted_scale_quintile,1,1948,0.895790554414784,23.4011523196952,0.0574948665297741,0.0467145790554415
cps_wage,16,CQR-TI,predicted_scale_quintile,2,1948,0.909137577002053,30.1252341096867,0.0508213552361396,0.040041067761807
cps_wage,16,CQR-TI,predicted_scale_quintile,3,1948,0.91735112936345,35.6891895506114,0.0349075975359343,0.047741273100616
cps_wage,16,CQR-TI,predicted_scale_quintile,4,1948,0.922484599589322,40.3943063642855,0.0287474332648871,0.0487679671457906
cps_wage,16,CQR-TI,predicted_scale_quintile,5,1947,0.921417565485362,48.9834497620982,0.0323574730354391,0.0462249614791988
cps_wage,16,Parametric-TI,predicted_scale_quintile,1,1948,0.934804928131417,29.6746985586311,0.0390143737166324,0.0261806981519507
cps_wage,16,Parametric-TI,predicted_scale_quintile,2,1948,0.941478439425051,35.6975008339521,0.034394250513347,0.0241273100616016
cps_wage,16,Parametric-TI,predicted_scale_quintile,3,1948,0.944045174537988,40.4932213920966,0.0272073921971253,0.0287474332648871
cps_wage,16,Parametric-TI,predicted_scale_quintile,4,1948,0.93993839835729,43.8893954019444,0.0261806981519507,0.0338809034907598
cps_wage,16,Parametric-TI,predicted_scale_quintile,5,1947,0.923985618900873,47.2109089044017,0.034411915767848,0.0416024653312789
cps_wage,17,SR-TI,predicted_scale_quintile,1,1948,0.87782340862423,23.3771640742035,0.0641683778234086,0.0580082135523614
cps_wage,17,SR-TI,predicted_scale_quintile,2,1948,0.896303901437372,28.8115698192022,0.0528747433264887,0.0508213552361396
cps_wage,17,SR-TI,predicted_scale_quintile,3,1948,0.912731006160164,33.9770708999804,0.0441478439425051,0.0431211498973306
cps_wage,17,SR-TI,predicted_scale_quintile,4,1948,0.928131416837782,37.7593539127368,0.0395277207392197,0.032340862422998
cps_wage,17,SR-TI,predicted_scale_quintile,5,1947,0.949666153055984,56.9254779430973,0.0210580380071906,0.0292758089368259
cps_wage,17,ASR-TI,predicted_scale_quintile,1,1948,0.879876796714579,24.2432710431913,0.0713552361396304,0.0487679671457906
cps_wage,17,ASR-TI,predicted_scale_quintile,2,1948,0.892197125256674,29.9726179582788,0.061088295687885,0.0467145790554415
cps_wage,17,ASR-TI,predicted_scale_quintile,3,1948,0.909137577002053,35.4481106992802,0.0523613963039014,0.0385010266940452
cps_wage,17,ASR-TI,predicted_scale_quintile,4,1948,0.922484599589322,39.5652043747464,0.0487679671457906,0.0287474332648871
cps_wage,17,ASR-TI,predicted_scale_quintile,5,1947,0.946070878274268,60.3797823226744,0.0272213662044171,0.0267077555213148
cps_wage,17,CQR-TI,predicted_scale_quintile,1,1948,0.909650924024641,28.0473012267471,0.0528747433264887,0.0374743326488706
cps_wage,17,CQR-TI,predicted_scale_quintile,2,1948,0.910677618069815,32.5427215379656,0.0497946611909651,0.0395277207392197
cps_wage,17,CQR-TI,predicted_scale_quintile,3,1948,0.910164271047228,36.1600838499309,0.0467145790554415,0.0431211498973306
cps_wage,17,CQR-TI,predicted_scale_quintile,4,1948,0.911190965092402,37.2506451219109,0.0492813141683778,0.0395277207392197
cps_wage,17,CQR-TI,predicted_scale_quintile,5,1947,0.917822290703647,44.7992105702225,0.0385208012326656,0.0436569080636877
cps_wage,17,Parametric-TI,predicted_scale_quintile,1,1948,0.955338809034908,36.7126417686141,0.0287474332648871,0.0159137577002053
cps_wage,17,Parametric-TI,predicted_scale_quintile,2,1948,0.953798767967146,41.0347279441503,0.0261806981519507,0.0200205338809035
cps_wage,17,Parametric-TI,predicted_scale_quintile,3,1948,0.950718685831622,44.5560375545289,0.0241273100616016,0.0251540041067762
cps_wage,17,Parametric-TI,predicted_scale_quintile,4,1948,0.948151950718686,43.9728619685648,0.0272073921971253,0.0246406570841889
cps_wage,17,Parametric-TI,predicted_scale_quintile,5,1947,0.935798664612224,49.565164204979,0.0267077555213148,0.0374935798664612
cps_wage,18,SR-TI,predicted_scale_quintile,1,1948,0.875256673511294,22.9987329962604,0.066735112936345,0.0580082135523614
cps_wage,18,SR-TI,predicted_scale_quintile,2,1948,0.905030800821355,27.7182239349409,0.0487679671457906,0.0462012320328542
cps_wage,18,SR-TI,predicted_scale_quintile,3,1948,0.912217659137577,34.5496694545592,0.0482546201232033,0.0395277207392197
cps_wage,18,SR-TI,predicted_scale_quintile,4,1948,0.927104722792608,42.3290578287704,0.0364476386036961,0.0364476386036961
cps_wage,18,SR-TI,predicted_scale_quintile,5,1947,0.953261427837699,60.4370328748948,0.0241397021058038,0.0225988700564972
cps_wage,18,ASR-TI,predicted_scale_quintile,1,1948,0.874743326488706,23.1191702540384,0.0693018480492813,0.0559548254620123
cps_wage,18,ASR-TI,predicted_scale_quintile,2,1948,0.904517453798768,27.8783021931175,0.0503080082135524,0.0451745379876797
cps_wage,18,ASR-TI,predicted_scale_quintile,3,1948,0.912731006160164,34.7614604876547,0.0482546201232033,0.0390143737166324
cps_wage,18,ASR-TI,predicted_scale_quintile,4,1948,0.927104722792608,42.6133701149324,0.0379876796714579,0.0349075975359343
cps_wage,18,ASR-TI,predicted_scale_quintile,5,1947,0.953261427837699,60.9425036514084,0.0241397021058038,0.0225988700564972
cps_wage,18,CQR-TI,predicted_scale_quintile,1,1948,0.910164271047228,26.8059624966438,0.0467145790554415,0.0431211498973306
cps_wage,18,CQR-TI,predicted_scale_quintile,2,1948,0.91170431211499,28.4470203674528,0.0472279260780288,0.0410677618069815
cps_wage,18,CQR-TI,predicted_scale_quintile,3,1948,0.915297741273101,35.1686196727036,0.0436344969199179,0.0410677618069815
cps_wage,18,CQR-TI,predicted_scale_quintile,4,1948,0.916837782340862,41.3324737402726,0.0390143737166324,0.0441478439425051
cps_wage,18,CQR-TI,predicted_scale_quintile,5,1947,0.929121725731895,49.2568715341786,0.0323574730354391,0.0385208012326656
cps_wage,18,Parametric-TI,predicted_scale_quintile,1,1948,0.928131416837782,29.3242681895951,0.0410677618069815,0.0308008213552361
cps_wage,18,Parametric-TI,predicted_scale_quintile,2,1948,0.927104722792608,31.4421624886757,0.0385010266940452,0.034394250513347
cps_wage,18,Parametric-TI,predicted_scale_quintile,3,1948,0.92299794661191,36.5387173008752,0.0426078028747433,0.034394250513347
cps_wage,18,Parametric-TI,predicted_scale_quintile,4,1948,0.913757700205339,40.0910379200525,0.0410677618069815,0.0451745379876797
cps_wage,18,Parametric-TI,predicted_scale_quintile,5,1947,0.911145351823318,43.4813985968221,0.0426296866974833,0.0462249614791988
cps_wage,19,SR-TI,predicted_scale_quintile,1,1948,0.862422997946612,21.7539322735,0.0795687885010267,0.0580082135523614
cps_wage,19,SR-TI,predicted_scale_quintile,2,1948,0.90041067761807,27.423211894833,0.0467145790554415,0.0528747433264887
cps_wage,19,SR-TI,predicted_scale_quintile,3,1948,0.924024640657084,33.9572467869683,0.0395277207392197,0.0364476386036961
cps_wage,19,SR-TI,predicted_scale_quintile,4,1948,0.916837782340862,46.8591321902786,0.0426078028747433,0.0405544147843943
cps_wage,19,SR-TI,predicted_scale_quintile,5,1947,0.948638931689779,52.1740365568957,0.0277349768875193,0.0236260914227016
cps_wage,19,ASR-TI,predicted_scale_quintile,1,1948,0.86088295687885,21.9233149610602,0.082135523613963,0.0569815195071869
cps_wage,19,ASR-TI,predicted_scale_quintile,2,1948,0.90041067761807,27.6594680132574,0.047741273100616,0.0518480492813142
cps_wage,19,ASR-TI,predicted_scale_quintile,3,1948,0.923511293634497,34.2710792922078,0.0405544147843943,0.0359342915811088
cps_wage,19,ASR-TI,predicted_scale_quintile,4,1948,0.915811088295688,47.3281155108042,0.0441478439425051,0.040041067761807
cps_wage,19,ASR-TI,predicted_scale_quintile,5,1947,0.949666153055984,52.7520205343765,0.0282485875706215,0.022085259373395
cps_wage,19,CQR-TI,predicted_scale_quintile,1,1948,0.88911704312115,24.8516615141654,0.0708418891170431,0.040041067761807
cps_wage,19,CQR-TI,predicted_scale_quintile,2,1948,0.902464065708419,28.134144607277,0.0467145790554415,0.0508213552361396
cps_wage,19,CQR-TI,predicted_scale_quintile,3,1948,0.919404517453799,33.8828052567356,0.0390143737166324,0.0415811088295688
cps_wage,19,CQR-TI,predicted_scale_quintile,4,1948,0.910164271047228,46.6279469579628,0.0436344969199179,0.0462012320328542
cps_wage,19,CQR-TI,predicted_scale_quintile,5,1947,0.927580893682589,47.2641269243935,0.0374935798664612,0.0349255264509502
cps_wage,19,Parametric-TI,predicted_scale_quintile,1,1948,0.942505133470226,30.323541464937,0.0364476386036961,0.021047227926078
cps_wage,19,Parametric-TI,predicted_scale_quintile,2,1948,0.933264887063655,33.442570473175,0.0338809034907598,0.0328542094455852
cps_wage,19,Parametric-TI,predicted_scale_quintile,3,1948,0.938398357289528,37.7334323160533,0.0318275154004107,0.0297741273100616
cps_wage,19,Parametric-TI,predicted_scale_quintile,4,1948,0.918377823408624,46.7696865914041,0.0415811088295688,0.040041067761807
cps_wage,19,Parametric-TI,predicted_scale_quintile,5,1947,0.924499229583975,45.468262358112,0.0395480225988701,0.0359527478171546
cps_wage,20,SR-TI,predicted_scale_quintile,1,1948,0.881416837782341,23.4914434381633,0.0616016427104723,0.0569815195071869
cps_wage,20,SR-TI,predicted_scale_quintile,2,1948,0.905030800821355,29.3667732218142,0.0467145790554415,0.0482546201232033
cps_wage,20,SR-TI,predicted_scale_quintile,3,1948,0.901950718685832,32.8770938805942,0.0503080082135524,0.047741273100616
cps_wage,20,SR-TI,predicted_scale_quintile,4,1948,0.907597535934292,40.0379286786523,0.0410677618069815,0.0513347022587269
cps_wage,20,SR-TI,predicted_scale_quintile,5,1947,0.938366718027735,50.8236176549141,0.0272213662044171,0.034411915767848
cps_wage,20,ASR-TI,predicted_scale_quintile,1,1948,0.883983572895277,24.2251064105141,0.0646817248459959,0.0513347022587269
cps_wage,20,ASR-TI,predicted_scale_quintile,2,1948,0.904517453798768,30.3408757594176,0.0523613963039014,0.0431211498973306
cps_wage,20,ASR-TI,predicted_scale_quintile,3,1948,0.900924024640657,34.0196952829147,0.0559548254620123,0.0431211498973306
cps_wage,20,ASR-TI,predicted_scale_quintile,4,1948,0.907597535934292,41.519222835754,0.0436344969199179,0.0487679671457906
cps_wage,20,ASR-TI,predicted_scale_quintile,5,1947,0.941448382126348,53.0737337760166,0.0287621982537237,0.0297894196199281
cps_wage,20,CQR-TI,predicted_scale_quintile,1,1948,0.905030800821355,26.8001102455787,0.0523613963039014,0.0426078028747433
cps_wage,20,CQR-TI,predicted_scale_quintile,2,1948,0.912217659137577,31.869298781777,0.0467145790554415,0.0410677618069815
cps_wage,20,CQR-TI,predicted_scale_quintile,3,1948,0.899897330595483,34.9231151270886,0.0544147843942505,0.0456878850102669
cps_wage,20,CQR-TI,predicted_scale_quintile,4,1948,0.90041067761807,40.8599869688555,0.0482546201232033,0.0513347022587269
cps_wage,20,CQR-TI,predicted_scale_quintile,5,1947,0.914227015921931,43.7725108976479,0.0410888546481767,0.0446841294298921
cps_wage,20,Parametric-TI,predicted_scale_quintile,1,1948,0.936858316221766,31.8124951532161,0.0359342915811088,0.0272073921971253
cps_wage,20,Parametric-TI,predicted_scale_quintile,2,1948,0.945071868583162,36.5497086768262,0.0302874743326489,0.0246406570841889
cps_wage,20,Parametric-TI,predicted_scale_quintile,3,1948,0.929671457905544,38.3895530367359,0.0369609856262834,0.0333675564681725
cps_wage,20,Parametric-TI,predicted_scale_quintile,4,1948,0.920431211498973,42.854255208189,0.034394250513347,0.0451745379876797
cps_wage,20,Parametric-TI,predicted_scale_quintile,5,1947,0.923472008217771,43.3761522711976,0.0354391371340524,0.0410888546481767
superconductivity,1,SR-TI,predicted_scale_quintile,1,1418,0.796191819464034,11.6926707009488,0.0684062059238364,0.13540197461213
superconductivity,1,SR-TI,predicted_scale_quintile,2,1418,0.93441466854725,21.6988736643515,0.0260930888575458,0.0394922425952045
superconductivity,1,SR-TI,predicted_scale_quintile,3,1418,0.952045133991537,40.5790673165631,0.0197461212976023,0.0282087447108604
superconductivity,1,SR-TI,predicted_scale_quintile,4,1418,0.95345557122708,62.1958873524251,0.0380818053596615,0.00846262341325811
superconductivity,1,SR-TI,predicted_scale_quintile,5,1417,0.97106563161609,84.2937254136024,0.0225829216654905,0.0063514467184192
superconductivity,1,ASR-TI,predicted_scale_quintile,1,1418,0.798307475317348,11.7500025984163,0.0684062059238364,0.133286318758815
superconductivity,1,ASR-TI,predicted_scale_quintile,2,1418,0.935825105782793,21.799621638869,0.0267983074753173,0.03737658674189
superconductivity,1,ASR-TI,predicted_scale_quintile,3,1418,0.952750352609309,40.7202048224265,0.0204513399153738,0.0267983074753173
superconductivity,1,ASR-TI,predicted_scale_quintile,4,1418,0.952045133991537,62.3003905088022,0.0394922425952045,0.00846262341325811
superconductivity,1,ASR-TI,predicted_scale_quintile,5,1417,0.969654199011997,84.4358354009102,0.0239943542695836,0.0063514467184192
superconductivity,1,CQR-TI,predicted_scale_quintile,1,1418,0.93935119887165,14.2555985952142,0.0246826516220028,0.035966149506347
superconductivity,1,CQR-TI,predicted_scale_quintile,2,1418,0.92524682651622,22.0821583155408,0.03737658674189,0.03737658674189
superconductivity,1,CQR-TI,predicted_scale_quintile,3,1418,0.920310296191819,45.0317416007916,0.0394922425952045,0.040197461212976
superconductivity,1,CQR-TI,predicted_scale_quintile,4,1418,0.914668547249647,72.2631404292387,0.0331452750352609,0.0521861777150917
superconductivity,1,CQR-TI,predicted_scale_quintile,5,1417,0.901199717713479,78.2568966422993,0.0359915314043754,0.0628087508821454
superconductivity,1,Parametric-TI,predicted_scale_quintile,1,1418,0.999294781382229,29.5225208923628,0,0.000705218617771509
superconductivity,1,Parametric-TI,predicted_scale_quintile,2,1418,0.988716502115656,34.4350680265837,0.00141043723554302,0.00987306064880113
superconductivity,1,Parametric-TI,predicted_scale_quintile,3,1418,0.957686882933709,41.6954305399453,0.0190409026798308,0.0232722143864598
superconductivity,1,Parametric-TI,predicted_scale_quintile,4,1418,0.854019746121298,46.0516513475107,0.0895627644569817,0.0564174894217207
superconductivity,1,Parametric-TI,predicted_scale_quintile,5,1417,0.741707833450953,46.5562545844249,0.139026111503176,0.119266055045872
superconductivity,2,SR-TI,predicted_scale_quintile,1,1418,0.800423131170663,11.6905593048888,0.0860366713681241,0.113540197461213
superconductivity,2,SR-TI,predicted_scale_quintile,2,1418,0.958392101551481,22.7505971637171,0.0162200282087447,0.0253878702397743
superconductivity,2,SR-TI,predicted_scale_quintile,3,1418,0.940056417489422,38.6799602049122,0.0331452750352609,0.0267983074753173
superconductivity,2,SR-TI,predicted_scale_quintile,4,1418,0.933709449929478,58.7188560346144,0.0500705218617772,0.0162200282087447
superconductivity,2,SR-TI,predicted_scale_quintile,5,1417,0.951305575158786,81.8014816622408,0.0388143966125618,0.00988002822865208
superconductivity,2,ASR-TI,predicted_scale_quintile,1,1418,0.800423131170663,11.4800403498712,0.0846262341325811,0.114950634696756
superconductivity,2,ASR-TI,predicted_scale_quintile,2,1418,0.956276445698166,22.3940748958831,0.0162200282087447,0.0275035260930889
superconductivity,2,ASR-TI,predicted_scale_quintile,3,1418,0.940056417489422,38.2900565654678,0.0289139633286319,0.0310296191819464
superconductivity,2,ASR-TI,predicted_scale_quintile,4,1418,0.935825105782793,58.3732714901825,0.0458392101551481,0.0183356840620592
superconductivity,2,ASR-TI,predicted_scale_quintile,5,1417,0.954128440366972,81.3745370876634,0.0331686661961891,0.0127028934368384
superconductivity,2,CQR-TI,predicted_scale_quintile,1,1418,0.950634696755994,13.4299158031002,0.0141043723554302,0.0352609308885755
superconductivity,2,CQR-TI,predicted_scale_quintile,2,1418,0.925952045133991,23.4640633106705,0.0500705218617772,0.0239774330042313
superconductivity,2,CQR-TI,predicted_scale_quintile,3,1418,0.922425952045134,42.339197533574,0.0472496473906911,0.0303244005641749
superconductivity,2,CQR-TI,predicted_scale_quintile,4,1418,0.917489421720733,70.7672682509638,0.0310296191819464,0.0514809590973202
superconductivity,2,CQR-TI,predicted_scale_quintile,5,1417,0.883556810162315,76.4152739869176,0.0592801693719125,0.0571630204657728
superconductivity,2,Parametric-TI,predicted_scale_quintile,1,1418,0.999294781382229,29.1632861533555,0.000705218617771509,0
superconductivity,2,Parametric-TI,predicted_scale_quintile,2,1418,0.994358251057828,34.3870724752041,0,0.00564174894217207
superconductivity,2,Parametric-TI,predicted_scale_quintile,3,1418,0.955571227080395,42.6293622781134,0.0246826516220028,0.0197461212976023
superconductivity,2,Parametric-TI,predicted_scale_quintile,4,1418,0.875881523272214,46.8769943596595,0.0832157968970381,0.0409026798307475
superconductivity,2,Parametric-TI,predicted_scale_quintile,5,1417,0.738884968242766,47.2109927771688,0.15878616796048,0.102328863796754
superconductivity,3,SR-TI,predicted_scale_quintile,1,1418,0.783497884344147,11.7620407594778,0.110719322990127,0.105782792665726
superconductivity,3,SR-TI,predicted_scale_quintile,2,1418,0.970380818053597,22.8832041900243,0.00705218617771509,0.0225669957686883
superconductivity,3,SR-TI,predicted_scale_quintile,3,1418,0.923131170662906,39.485897482416,0.035966149506347,0.0409026798307475
superconductivity,3,SR-TI,predicted_scale_quintile,4,1418,0.952750352609309,62.6710543514403,0.0394922425952045,0.0077574047954866
superconductivity,3,SR-TI,predicted_scale_quintile,5,1417,0.961185603387438,85.4792524489298,0.0324629498941426,0.0063514467184192
superconductivity,3,ASR-TI,predicted_scale_quintile,1,1418,0.78490832157969,11.6367902610833,0.108603667136812,0.106488011283498
superconductivity,3,ASR-TI,predicted_scale_quintile,2,1418,0.967559943582511,22.6899399607518,0.00634696755994358,0.0260930888575458
superconductivity,3,ASR-TI,predicted_scale_quintile,3,1418,0.918899858956276,39.386855327035,0.0352609308885755,0.0458392101551481
superconductivity,3,ASR-TI,predicted_scale_quintile,4,1418,0.954866008462623,62.7077891181223,0.035966149506347,0.00916784203102962
superconductivity,3,ASR-TI,predicted_scale_quintile,5,1417,0.960479887085392,85.5339229722594,0.0310515172900494,0.00846859562455893
superconductivity,3,CQR-TI,predicted_scale_quintile,1,1418,0.938645980253879,13.4186063813211,0.0232722143864598,0.0380818053596615
superconductivity,3,CQR-TI,predicted_scale_quintile,2,1418,0.92524682651622,22.0954219141872,0.035966149506347,0.038787023977433
superconductivity,3,CQR-TI,predicted_scale_quintile,3,1418,0.917489421720733,44.2294532426423,0.0423131170662905,0.040197461212976
superconductivity,3,CQR-TI,predicted_scale_quintile,4,1418,0.925952045133991,70.504790762149,0.0246826516220028,0.0493653032440056
superconductivity,3,CQR-TI,predicted_scale_quintile,5,1417,0.86803105151729,77.976311666187,0.0479887085391673,0.0839802399435427
superconductivity,3,Parametric-TI,predicted_scale_quintile,1,1418,0.998589562764457,27.8913931364145,0.000705218617771509,0.000705218617771509
superconductivity,3,Parametric-TI,predicted_scale_quintile,2,1418,0.992242595204513,32.7774379267651,0.000705218617771509,0.00705218617771509
superconductivity,3,Parametric-TI,predicted_scale_quintile,3,1418,0.945698166431594,41.4919627548032,0.0296191819464034,0.0246826516220028
superconductivity,3,Parametric-TI,predicted_scale_quintile,4,1418,0.85049365303244,44.1900977011669,0.0973201692524683,0.0521861777150917
superconductivity,3,Parametric-TI,predicted_scale_quintile,5,1417,0.68666196189132,44.8111591258731,0.191249117854622,0.122088920254058
superconductivity,4,SR-TI,predicted_scale_quintile,1,1418,0.870239774330042,12.2650896491712,0.0571227080394923,0.0726375176304654
superconductivity,4,SR-TI,predicted_scale_quintile,2,1418,0.916784203102962,22.1628590275096,0.0232722143864598,0.0599435825105783
superconductivity,4,SR-TI,predicted_scale_quintile,3,1418,0.92524682651622,34.7606752163646,0.0486600846262341,0.0260930888575458
superconductivity,4,SR-TI,predicted_scale_quintile,4,1418,0.889985895627645,52.0892620966546,0.0754583921015515,0.034555712270804
superconductivity,4,SR-TI,predicted_scale_quintile,5,1417,0.934368383909668,71.499135712933,0.055045871559633,0.0105857445306987
superconductivity,4,ASR-TI,predicted_scale_quintile,1,1418,0.870944992947814,12.3757754051931,0.0578279266572638,0.0712270803949224
superconductivity,4,ASR-TI,predicted_scale_quintile,2,1418,0.923131170662906,22.2675306677546,0.0239774330042313,0.0528913963328632
superconductivity,4,ASR-TI,predicted_scale_quintile,3,1418,0.921720733427362,34.7807102113116,0.0528913963328632,0.0253878702397743
superconductivity,4,ASR-TI,predicted_scale_quintile,4,1418,0.889985895627645,51.9229453911086,0.0768688293370945,0.0331452750352609
superconductivity,4,ASR-TI,predicted_scale_quintile,5,1417,0.927311220889203,71.1869918243568,0.0621030345800988,0.0105857445306987
superconductivity,4,CQR-TI,predicted_scale_quintile,1,1418,0.952045133991537,14.0982437427647,0.0176304654442877,0.0303244005641749
superconductivity,4,CQR-TI,predicted_scale_quintile,2,1418,0.916078984485191,25.4857406010679,0.0289139633286319,0.0550070521861777
superconductivity,4,CQR-TI,predicted_scale_quintile,3,1418,0.925952045133991,44.3535842817243,0.0458392101551481,0.0282087447108604
superconductivity,4,CQR-TI,predicted_scale_quintile,4,1418,0.876586741889986,69.4096208881033,0.0493653032440056,0.0740479548660085
superconductivity,4,CQR-TI,predicted_scale_quintile,5,1417,0.899788285109386,78.6055375082499,0.045165843330981,0.055045871559633
superconductivity,4,Parametric-TI,predicted_scale_quintile,1,1418,0.998589562764457,27.7324973057242,0,0.00141043723554302
superconductivity,4,Parametric-TI,predicted_scale_quintile,2,1418,0.987306064880113,33.1983425739069,0.00423131170662906,0.00846262341325811
superconductivity,4,Parametric-TI,predicted_scale_quintile,3,1418,0.952045133991537,39.969733732392,0.0324400564174894,0.0155148095909732
superconductivity,4,Parametric-TI,predicted_scale_quintile,4,1418,0.82228490832158,43.3017235116904,0.114245416078984,0.0634696755994358
superconductivity,4,Parametric-TI,predicted_scale_quintile,5,1417,0.712773465067043,43.9247557726857,0.170077628793225,0.117148906139732
superconductivity,5,SR-TI,predicted_scale_quintile,1,1418,0.886459802538787,12.7691390731409,0.0535966149506347,0.0599435825105783
superconductivity,5,SR-TI,predicted_scale_quintile,2,1418,0.937235543018336,22.4456228675336,0.0218617771509168,0.0409026798307475
superconductivity,5,SR-TI,predicted_scale_quintile,3,1418,0.932299012693935,35.8885494305576,0.034555712270804,0.0331452750352609
superconductivity,5,SR-TI,predicted_scale_quintile,4,1418,0.891396332863188,52.1937824239098,0.0719322990126939,0.0366713681241185
superconductivity,5,SR-TI,predicted_scale_quintile,5,1417,0.940014114326041,76.5798410234847,0.0486944248412138,0.0112914608327452
superconductivity,5,ASR-TI,predicted_scale_quintile,1,1418,0.886459802538787,12.74936674687,0.0535966149506347,0.0599435825105783
superconductivity,5,ASR-TI,predicted_scale_quintile,2,1418,0.936530324400564,22.4244419408026,0.0218617771509168,0.041607898448519
superconductivity,5,ASR-TI,predicted_scale_quintile,3,1418,0.932299012693935,35.8905312560522,0.034555712270804,0.0331452750352609
superconductivity,5,ASR-TI,predicted_scale_quintile,4,1418,0.892101551480959,52.2176887922852,0.0712270803949224,0.0366713681241185
superconductivity,5,ASR-TI,predicted_scale_quintile,5,1417,0.940719830628088,76.6372986844815,0.0479887085391673,0.0112914608327452
superconductivity,5,CQR-TI,predicted_scale_quintile,1,1418,0.95345557122708,13.7714837560086,0.0197461212976023,0.0267983074753173
superconductivity,5,CQR-TI,predicted_scale_quintile,2,1418,0.930888575458392,23.736527412309,0.0380818053596615,0.0310296191819464
superconductivity,5,CQR-TI,predicted_scale_quintile,3,1418,0.913258110014104,46.6173639613591,0.0317348377997179,0.0550070521861777
superconductivity,5,CQR-TI,predicted_scale_quintile,4,1418,0.889985895627645,67.3637219394542,0.0543018335684062,0.0557122708039492
superconductivity,5,CQR-TI,predicted_scale_quintile,5,1417,0.903316866619619,80.6804444384443,0.0472829922371207,0.0494001411432604
superconductivity,5,Parametric-TI,predicted_scale_quintile,1,1418,1,27.9844452315428,0,0
superconductivity,5,Parametric-TI,predicted_scale_quintile,2,1418,0.98589562764457,33.6623760165769,0.00493653032440056,0.00916784203102962
superconductivity,5,Parametric-TI,predicted_scale_quintile,3,1418,0.961212976022567,41.154344473869,0.0246826516220028,0.0141043723554302
superconductivity,5,Parametric-TI,predicted_scale_quintile,4,1418,0.832157968970381,43.9542531823102,0.0994358251057828,0.0684062059238364
superconductivity,5,Parametric-TI,predicted_scale_quintile,5,1417,0.71347918136909,44.9121987135373,0.184191954834157,0.102328863796754
superconductivity,6,SR-TI,predicted_scale_quintile,1,1418,0.799717912552891,11.2583038762788,0.10296191819464,0.0973201692524683
superconductivity,6,SR-TI,predicted_scale_quintile,2,1418,0.961212976022567,22.2428931414466,0.0162200282087447,0.0225669957686883
superconductivity,6,SR-TI,predicted_scale_quintile,3,1418,0.966149506346968,38.1424888272038,0.0148095909732017,0.0190409026798308
superconductivity,6,SR-TI,predicted_scale_quintile,4,1418,0.944992947813822,58.8866311198717,0.0380818053596615,0.0169252468265162
superconductivity,6,SR-TI,predicted_scale_quintile,5,1417,0.952717007762879,77.8740111483917,0.0324629498941426,0.0148200423429781
superconductivity,6,ASR-TI,predicted_scale_quintile,1,1418,0.802538787023977,11.4199604580205,0.103667136812412,0.0937940761636107
superconductivity,6,ASR-TI,predicted_scale_quintile,2,1418,0.961918194640339,22.516346481811,0.0183356840620592,0.0197461212976023
superconductivity,6,ASR-TI,predicted_scale_quintile,3,1418,0.965444287729196,38.5569804728372,0.0162200282087447,0.0183356840620592
superconductivity,6,ASR-TI,predicted_scale_quintile,4,1418,0.947108603667137,59.3559348150151,0.038787023977433,0.0141043723554302
superconductivity,6,ASR-TI,predicted_scale_quintile,5,1417,0.956951305575159,78.45212609934,0.0324629498941426,0.0105857445306987
superconductivity,6,CQR-TI,predicted_scale_quintile,1,1418,0.947813822284908,13.664002628068,0.0162200282087447,0.035966149506347
superconductivity,6,CQR-TI,predicted_scale_quintile,2,1418,0.946403385049365,24.5742187504448,0.0275035260930889,0.0260930888575458
superconductivity,6,CQR-TI,predicted_scale_quintile,3,1418,0.928067700987306,42.4993907805813,0.03737658674189,0.034555712270804
superconductivity,6,CQR-TI,predicted_scale_quintile,4,1418,0.91114245416079,68.4658743436958,0.0282087447108604,0.0606488011283498
superconductivity,6,CQR-TI,predicted_scale_quintile,5,1417,0.882145377558222,78.0926459563463,0.045165843330981,0.0726887791107975
superconductivity,6,Parametric-TI,predicted_scale_quintile,1,1418,0.999294781382229,29.7012554636269,0,0.000705218617771509
superconductivity,6,Parametric-TI,predicted_scale_quintile,2,1418,0.998589562764457,35.7580423147421,0.000705218617771509,0.000705218617771509
superconductivity,6,Parametric-TI,predicted_scale_quintile,3,1418,0.973201692524683,41.9965569323666,0.0126939351198872,0.0141043723554302
superconductivity,6,Parametric-TI,predicted_scale_quintile,4,1418,0.872355430183357,47.4152593710231,0.0768688293370945,0.0507757404795487
superconductivity,6,Parametric-TI,predicted_scale_quintile,5,1417,0.762173606210304,48.2198758517212,0.126323218066337,0.111503175723359
superconductivity,7,SR-TI,predicted_scale_quintile,1,1418,0.837799717912553,12.1328110792168,0.0557122708039492,0.106488011283498
superconductivity,7,SR-TI,predicted_scale_quintile,2,1418,0.949929478138223,23.8031587946646,0.0303244005641749,0.0197461212976023
superconductivity,7,SR-TI,predicted_scale_quintile,3,1418,0.957686882933709,38.5230066958722,0.0267983074753173,0.0155148095909732
superconductivity,7,SR-TI,predicted_scale_quintile,4,1418,0.913258110014104,55.1911549097085,0.0578279266572638,0.0289139633286319
superconductivity,7,SR-TI,predicted_scale_quintile,5,1417,0.935074100211715,77.373141818211,0.0465772759350741,0.018348623853211
superconductivity,7,ASR-TI,predicted_scale_quintile,1,1418,0.841325811001411,12.3027880857334,0.0564174894217207,0.102256699576869
superconductivity,7,ASR-TI,predicted_scale_quintile,2,1418,0.949929478138223,24.0869911244014,0.0310296191819464,0.0190409026798308
superconductivity,7,ASR-TI,predicted_scale_quintile,3,1418,0.959802538787024,38.8068840084118,0.0275035260930889,0.0126939351198872
superconductivity,7,ASR-TI,predicted_scale_quintile,4,1418,0.909732016925247,55.4135491577093,0.0620592383638928,0.0282087447108604
superconductivity,7,ASR-TI,predicted_scale_quintile,5,1417,0.932251235003529,77.5671176125167,0.0515172900494001,0.0162314749470713
superconductivity,7,CQR-TI,predicted_scale_quintile,1,1418,0.937940761636107,13.562017689835,0.0218617771509168,0.040197461212976
superconductivity,7,CQR-TI,predicted_scale_quintile,2,1418,0.928067700987306,24.9014256480274,0.0444287729196051,0.0275035260930889
superconductivity,7,CQR-TI,predicted_scale_quintile,3,1418,0.941466854724965,45.7983661570453,0.0331452750352609,0.0253878702397743
superconductivity,7,CQR-TI,predicted_scale_quintile,4,1418,0.890691114245416,67.5753371824287,0.0324400564174894,0.0768688293370945
superconductivity,7,CQR-TI,predicted_scale_quintile,5,1417,0.880733944954129,79.4007720267892,0.0486944248412138,0.0705716302046577
superconductivity,7,Parametric-TI,predicted_scale_quintile,1,1418,0.999294781382229,27.6744486148824,0.000705218617771509,0
superconductivity,7,Parametric-TI,predicted_scale_quintile,2,1418,0.989421720733427,33.1251612661832,0.00705218617771509,0.00352609308885755
superconductivity,7,Parametric-TI,predicted_scale_quintile,3,1418,0.959097320169252,40.2682195153304,0.0267983074753173,0.0141043723554302
superconductivity,7,Parametric-TI,predicted_scale_quintile,4,1418,0.827926657263752,43.1321581811026,0.0895627644569817,0.0825105782792666
superconductivity,7,Parametric-TI,predicted_scale_quintile,5,1417,0.693013408609739,44.1173223556182,0.172194777699365,0.134791813690896
superconductivity,8,SR-TI,predicted_scale_quintile,1,1418,0.839915373765867,11.924283886349,0.0606488011283498,0.0994358251057828
superconductivity,8,SR-TI,predicted_scale_quintile,2,1418,0.964739069111425,21.429276842147,0.0105782792665726,0.0246826516220028
superconductivity,8,SR-TI,predicted_scale_quintile,3,1418,0.930183356840621,36.6502115056212,0.0310296191819464,0.038787023977433
superconductivity,8,SR-TI,predicted_scale_quintile,4,1418,0.93441466854725,55.5705241815498,0.0437235543018336,0.0218617771509168
superconductivity,8,SR-TI,predicted_scale_quintile,5,1417,0.906845448129852,72.959841653258,0.0804516584333098,0.0127028934368384
superconductivity,8,ASR-TI,predicted_scale_quintile,1,1418,0.844146685472497,12.483248765196,0.0634696755994358,0.0923836389280677
superconductivity,8,ASR-TI,predicted_scale_quintile,2,1418,0.971086036671368,22.3382367265113,0.0119887165021157,0.0169252468265162
superconductivity,8,ASR-TI,predicted_scale_quintile,3,1418,0.935119887165021,37.666768410494,0.03737658674189,0.0275035260930889
superconductivity,8,ASR-TI,predicted_scale_quintile,4,1418,0.937940761636107,56.7355762333931,0.0486600846262341,0.0133991537376587
superconductivity,8,ASR-TI,predicted_scale_quintile,5,1417,0.8969654199012,74.3785538463125,0.0959774170783345,0.00705716302046577
superconductivity,8,CQR-TI,predicted_scale_quintile,1,1418,0.956981664315938,14.797701357391,0.0133991537376587,0.0296191819464034
superconductivity,8,CQR-TI,predicted_scale_quintile,2,1418,0.957686882933709,21.624225932773,0.0176304654442877,0.0246826516220028
superconductivity,8,CQR-TI,predicted_scale_quintile,3,1418,0.922425952045134,44.4507301753628,0.0380818053596615,0.0394922425952045
superconductivity,8,CQR-TI,predicted_scale_quintile,4,1418,0.911847672778561,70.679350817042,0.0380818053596615,0.0500705218617772
superconductivity,8,CQR-TI,predicted_scale_quintile,5,1417,0.869442484121383,77.050305557874,0.0677487649964714,0.0628087508821454
superconductivity,8,Parametric-TI,predicted_scale_quintile,1,1418,0.999294781382229,28.6906038544076,0,0.000705218617771509
superconductivity,8,Parametric-TI,predicted_scale_quintile,2,1418,0.992242595204513,32.5625903940152,0.000705218617771509,0.00705218617771509
superconductivity,8,Parametric-TI,predicted_scale_quintile,3,1418,0.965444287729196,41.8483442355895,0.0141043723554302,0.0204513399153738
superconductivity,8,Parametric-TI,predicted_scale_quintile,4,1418,0.868124118476728,45.2858468897436,0.077574047954866,0.0543018335684062
superconductivity,8,Parametric-TI,predicted_scale_quintile,5,1417,0.70712773465067,45.7582705000831,0.189131968948483,0.103740296400847
superconductivity,9,SR-TI,predicted_scale_quintile,1,1418,0.775035260930889,10.6940821899769,0.114245416078984,0.110719322990127
superconductivity,9,SR-TI,predicted_scale_quintile,2,1418,0.973906911142454,22.4175721874758,0.00423131170662906,0.0218617771509168
superconductivity,9,SR-TI,predicted_scale_quintile,3,1418,0.946403385049365,40.004581332566,0.0282087447108604,0.0253878702397743
superconductivity,9,SR-TI,predicted_scale_quintile,4,1418,0.938645980253879,58.8464491879213,0.0451339915373766,0.0162200282087447
superconductivity,9,SR-TI,predicted_scale_quintile,5,1417,0.936485532815808,76.9541416134519,0.0522230063514467,0.0112914608327452
superconductivity,9,ASR-TI,predicted_scale_quintile,1,1418,0.77574047954866,10.5739798325789,0.11212976022567,0.11212976022567
superconductivity,9,ASR-TI,predicted_scale_quintile,2,1418,0.971086036671368,22.1730007142205,0.00423131170662906,0.0246826516220028
superconductivity,9,ASR-TI,predicted_scale_quintile,3,1418,0.947108603667137,39.7147189648031,0.0275035260930889,0.0253878702397743
superconductivity,9,ASR-TI,predicted_scale_quintile,4,1418,0.93935119887165,58.5295774816428,0.0430183356840621,0.0176304654442877
superconductivity,9,ASR-TI,predicted_scale_quintile,5,1417,0.935779816513761,76.5685794324517,0.0494001411432604,0.0148200423429781
superconductivity,9,CQR-TI,predicted_scale_quintile,1,1418,0.947813822284908,13.4342961783017,0.0197461212976023,0.0324400564174894
superconductivity,9,CQR-TI,predicted_scale_quintile,2,1418,0.933004231311707,23.2918442162585,0.034555712270804,0.0324400564174894
superconductivity,9,CQR-TI,predicted_scale_quintile,3,1418,0.919605077574048,47.302130526021,0.040197461212976,0.040197461212976
superconductivity,9,CQR-TI,predicted_scale_quintile,4,1418,0.895627644569817,68.4334063071409,0.0465444287729196,0.0578279266572638
superconductivity,9,CQR-TI,predicted_scale_quintile,5,1417,0.86803105151729,76.0714192520756,0.0599858856739591,0.0719830628087509
superconductivity,9,Parametric-TI,predicted_scale_quintile,1,1418,1,27.8412626125692,0,0
superconductivity,9,Parametric-TI,predicted_scale_quintile,2,1418,0.993653032440056,32.6682663100402,0.000705218617771509,0.00564174894217207
superconductivity,9,Parametric-TI,predicted_scale_quintile,3,1418,0.958392101551481,42.0668605066408,0.0204513399153738,0.0211565585331453
superconductivity,9,Parametric-TI,predicted_scale_quintile,4,1418,0.857545839210155,44.6753493763539,0.0825105782792666,0.0599435825105783
superconductivity,9,Parametric-TI,predicted_scale_quintile,5,1417,0.71347918136909,45.2402788707565,0.165843330980946,0.120677487649965
superconductivity,10,SR-TI,predicted_scale_quintile,1,1418,0.777856135401975,10.2724156617259,0.0853314527503526,0.136812411847673
superconductivity,10,SR-TI,predicted_scale_quintile,2,1418,0.968265162200282,22.1713598939725,0.00564174894217207,0.0260930888575458
superconductivity,10,SR-TI,predicted_scale_quintile,3,1418,0.951339915373766,41.3811581236128,0.0253878702397743,0.0232722143864598
superconductivity,10,SR-TI,predicted_scale_quintile,4,1418,0.944992947813822,61.1667900589213,0.040197461212976,0.0148095909732017
superconductivity,10,SR-TI,predicted_scale_quintile,5,1417,0.967537050105858,84.0380683221537,0.0239943542695836,0.00846859562455893
superconductivity,10,ASR-TI,predicted_scale_quintile,1,1418,0.777856135401975,10.2163772212594,0.0839210155148096,0.138222849083216
superconductivity,10,ASR-TI,predicted_scale_quintile,2,1418,0.966854724964739,22.0385602481513,0.00564174894217207,0.0275035260930889
superconductivity,10,ASR-TI,predicted_scale_quintile,3,1418,0.949929478138223,41.16897427678,0.0253878702397743,0.0246826516220028
superconductivity,10,ASR-TI,predicted_scale_quintile,4,1418,0.944287729196051,60.8843738687836,0.040197461212976,0.0155148095909732
superconductivity,10,ASR-TI,predicted_scale_quintile,5,1417,0.968242766407904,83.652774772065,0.0232886379675371,0.00846859562455893
superconductivity,10,CQR-TI,predicted_scale_quintile,1,1418,0.955571227080395,13.0229590250057,0.0126939351198872,0.0317348377997179
superconductivity,10,CQR-TI,predicted_scale_quintile,2,1418,0.935825105782793,23.0494684860955,0.034555712270804,0.0296191819464034
superconductivity,10,CQR-TI,predicted_scale_quintile,3,1418,0.912552891396333,45.1333549691121,0.0592383638928068,0.0282087447108604
superconductivity,10,CQR-TI,predicted_scale_quintile,4,1418,0.914668547249647,70.5726198135758,0.0352609308885755,0.0500705218617772
superconductivity,10,CQR-TI,predicted_scale_quintile,5,1417,0.874382498235709,79.5455127696938,0.0359915314043754,0.0896259703599153
superconductivity,10,Parametric-TI,predicted_scale_quintile,1,1418,0.999294781382229,29.6874809707639,0,0.000705218617771509
superconductivity,10,Parametric-TI,predicted_scale_quintile,2,1418,0.992242595204513,33.8875681787222,0,0.0077574047954866
superconductivity,10,Parametric-TI,predicted_scale_quintile,3,1418,0.968970380818054,43.8665858482678,0.0176304654442877,0.0133991537376587
superconductivity,10,Parametric-TI,predicted_scale_quintile,4,1418,0.888575458392102,47.2381494588809,0.0726375176304654,0.038787023977433
superconductivity,10,Parametric-TI,predicted_scale_quintile,5,1417,0.735356386732534,47.7453347721852,0.133380381086803,0.131263232180663
superconductivity,11,SR-TI,predicted_scale_quintile,1,1418,0.805359661495064,12.0125405282601,0.0987306064880113,0.0959097320169253
superconductivity,11,SR-TI,predicted_scale_quintile,2,1418,0.942172073342736,22.9252088003621,0.0218617771509168,0.035966149506347
superconductivity,11,SR-TI,predicted_scale_quintile,3,1418,0.940056417489422,37.6686983915071,0.0260930888575458,0.0338504936530324
superconductivity,11,SR-TI,predicted_scale_quintile,4,1418,0.929478138222849,57.9431689317742,0.0451339915373766,0.0253878702397743
superconductivity,11,SR-TI,predicted_scale_quintile,5,1417,0.953422724064926,77.2231635755777,0.0374029640084686,0.0091743119266055
superconductivity,11,ASR-TI,predicted_scale_quintile,1,1418,0.801833568406206,11.5673122332123,0.0909732016925247,0.107193229901269
superconductivity,11,ASR-TI,predicted_scale_quintile,2,1418,0.942172073342736,22.2429195554456,0.0169252468265162,0.0409026798307475
superconductivity,11,ASR-TI,predicted_scale_quintile,3,1418,0.942877291960508,37.0074649799065,0.0190409026798308,0.0380818053596615
superconductivity,11,ASR-TI,predicted_scale_quintile,4,1418,0.935119887165021,57.6324914264686,0.0331452750352609,0.0317348377997179
superconductivity,11,ASR-TI,predicted_scale_quintile,5,1417,0.951305575158786,76.9963367549786,0.0310515172900494,0.0176429075511644
superconductivity,11,CQR-TI,predicted_scale_quintile,1,1418,0.932299012693935,14.2104840153254,0.040197461212976,0.0275035260930889
superconductivity,11,CQR-TI,predicted_scale_quintile,2,1418,0.918899858956276,23.7424366050662,0.0472496473906911,0.0338504936530324
superconductivity,11,CQR-TI,predicted_scale_quintile,3,1418,0.914668547249647,44.1906569344456,0.0444287729196051,0.0409026798307475
superconductivity,11,CQR-TI,predicted_scale_quintile,4,1418,0.902679830747532,67.7511501934052,0.0366713681241185,0.0606488011283498
superconductivity,11,CQR-TI,predicted_scale_quintile,5,1417,0.877911079745942,78.1806439700523,0.050105857445307,0.0719830628087509
superconductivity,11,Parametric-TI,predicted_scale_quintile,1,1418,0.999294781382229,29.2106444079144,0,0.000705218617771509
superconductivity,11,Parametric-TI,predicted_scale_quintile,2,1418,0.987306064880113,34.387162171769,0.000705218617771509,0.0119887165021157
superconductivity,11,Parametric-TI,predicted_scale_quintile,3,1418,0.959097320169252,41.3912356167805,0.0169252468265162,0.0239774330042313
superconductivity,11,Parametric-TI,predicted_scale_quintile,4,1418,0.866008462623413,45.0408495492409,0.0754583921015515,0.0585331452750353
superconductivity,11,Parametric-TI,predicted_scale_quintile,5,1417,0.726887791107975,46.0074620289939,0.153140437544107,0.119971771347918
superconductivity,12,SR-TI,predicted_scale_quintile,1,1418,0.830747531734838,12.5190198126351,0.0916784203102962,0.077574047954866
superconductivity,12,SR-TI,predicted_scale_quintile,2,1418,0.959802538787024,22.804250250384,0.0133991537376587,0.0267983074753173
superconductivity,12,SR-TI,predicted_scale_quintile,3,1418,0.954866008462623,39.2527593989011,0.0239774330042313,0.0211565585331453
superconductivity,12,SR-TI,predicted_scale_quintile,4,1418,0.918899858956276,58.2193416458286,0.0564174894217207,0.0246826516220028
superconductivity,12,SR-TI,predicted_scale_quintile,5,1417,0.945659844742414,74.9314952643147,0.0416372618207481,0.0127028934368384
superconductivity,12,ASR-TI,predicted_scale_quintile,1,1418,0.830042313117066,12.4240974309027,0.0909732016925247,0.078984485190409
superconductivity,12,ASR-TI,predicted_scale_quintile,2,1418,0.958392101551481,22.6452482001497,0.0133991537376587,0.0282087447108604
superconductivity,12,ASR-TI,predicted_scale_quintile,3,1418,0.955571227080395,39.0675489224299,0.0225669957686883,0.0218617771509168
superconductivity,12,ASR-TI,predicted_scale_quintile,4,1418,0.920310296191819,58.0211064373173,0.0550070521861777,0.0246826516220028
superconductivity,12,ASR-TI,predicted_scale_quintile,5,1417,0.944954128440367,74.7070483224895,0.0416372618207481,0.013408609738885
superconductivity,12,CQR-TI,predicted_scale_quintile,1,1418,0.920310296191819,13.6722170664745,0.0338504936530324,0.0458392101551481
superconductivity,12,CQR-TI,predicted_scale_quintile,2,1418,0.924541607898449,23.471901510812,0.0409026798307475,0.034555712270804
superconductivity,12,CQR-TI,predicted_scale_quintile,3,1418,0.926657263751763,46.9102515731773,0.0380818053596615,0.0352609308885755
superconductivity,12,CQR-TI,predicted_scale_quintile,4,1418,0.902679830747532,70.190244572111,0.0366713681241185,0.0606488011283498
superconductivity,12,CQR-TI,predicted_scale_quintile,5,1417,0.882145377558222,76.7415543491372,0.0529287226534933,0.0649258997882851
superconductivity,12,Parametric-TI,predicted_scale_quintile,1,1418,1,30.0989475655256,0,0
superconductivity,12,Parametric-TI,predicted_scale_quintile,2,1418,0.993653032440056,34.9440729157705,0.00211565585331453,0.00423131170662906
superconductivity,12,Parametric-TI,predicted_scale_quintile,3,1418,0.968970380818054,43.4947217178293,0.0141043723554302,0.0169252468265162
superconductivity,12,Parametric-TI,predicted_scale_quintile,4,1418,0.860366713681241,47.0104455769949,0.0923836389280677,0.0472496473906911
superconductivity,12,Parametric-TI,predicted_scale_quintile,5,1417,0.76287932251235,47.872556406948,0.140437544107269,0.0966831333803811
superconductivity,13,SR-TI,predicted_scale_quintile,1,1418,0.736248236953456,11.0274868962563,0.144569816643159,0.119181946403385
superconductivity,13,SR-TI,predicted_scale_quintile,2,1418,0.961212976022567,26.6647305599703,0.0197461212976023,0.0190409026798308
superconductivity,13,SR-TI,predicted_scale_quintile,3,1418,0.968265162200282,42.696420758506,0.0190409026798308,0.0126939351198872
superconductivity,13,SR-TI,predicted_scale_quintile,4,1418,0.936530324400564,60.4056016491935,0.0458392101551481,0.0176304654442877
superconductivity,13,SR-TI,predicted_scale_quintile,5,1417,0.968242766407904,88.425946792384,0.0247000705716302,0.00705716302046577
superconductivity,13,ASR-TI,predicted_scale_quintile,1,1418,0.73342736248237,10.6135037367775,0.141043723554302,0.125528913963329
superconductivity,13,ASR-TI,predicted_scale_quintile,2,1418,0.957686882933709,25.9147613326009,0.0190409026798308,0.0232722143864598
superconductivity,13,ASR-TI,predicted_scale_quintile,3,1418,0.967559943582511,41.6952291903319,0.0176304654442877,0.0148095909732017
superconductivity,13,ASR-TI,predicted_scale_quintile,4,1418,0.937940761636107,59.5643898119298,0.038787023977433,0.0232722143864598
superconductivity,13,ASR-TI,predicted_scale_quintile,5,1417,0.97318278052223,87.441580781605,0.0169371912491179,0.00988002822865208
superconductivity,13,CQR-TI,predicted_scale_quintile,1,1418,0.937235543018336,13.225210840737,0.0253878702397743,0.03737658674189
superconductivity,13,CQR-TI,predicted_scale_quintile,2,1418,0.925952045133991,26.3846035081163,0.0430183356840621,0.0310296191819464
superconductivity,13,CQR-TI,predicted_scale_quintile,3,1418,0.909732016925247,46.7779138659003,0.0493653032440056,0.0409026798307475
superconductivity,13,CQR-TI,predicted_scale_quintile,4,1418,0.890691114245416,66.6366292462499,0.0458392101551481,0.0634696755994358
superconductivity,13,CQR-TI,predicted_scale_quintile,5,1417,0.884968242766408,77.3108004136053,0.0515172900494001,0.063514467184192
superconductivity,13,Parametric-TI,predicted_scale_quintile,1,1418,1,29.3973829891275,0,0
superconductivity,13,Parametric-TI,predicted_scale_quintile,2,1418,0.988011283497884,36.6554279339788,0.00423131170662906,0.0077574047954866
superconductivity,13,Parametric-TI,predicted_scale_quintile,3,1418,0.964739069111425,41.699938352668,0.0218617771509168,0.0133991537376587
superconductivity,13,Parametric-TI,predicted_scale_quintile,4,1418,0.854019746121298,45.293985303036,0.0881523272214387,0.0578279266572638
superconductivity,13,Parametric-TI,predicted_scale_quintile,5,1417,0.722653493295695,46.8311639091705,0.163020465772759,0.114326040931546
superconductivity,14,SR-TI,predicted_scale_quintile,1,1418,0.831452750352609,11.9268929575519,0.0818053596614951,0.0867418899858956
superconductivity,14,SR-TI,predicted_scale_quintile,2,1418,0.95345557122708,22.4611561905804,0.0141043723554302,0.0324400564174894
superconductivity,14,SR-TI,predicted_scale_quintile,3,1418,0.963328631875881,38.4397396572043,0.0126939351198872,0.0239774330042313
superconductivity,14,SR-TI,predicted_scale_quintile,4,1418,0.918194640338505,57.3652078639585,0.0458392101551481,0.035966149506347
superconductivity,14,SR-TI,predicted_scale_quintile,5,1417,0.947071277346507,77.738519286598,0.0359915314043754,0.0169371912491179
superconductivity,14,ASR-TI,predicted_scale_quintile,1,1418,0.832863187588152,12.0283543168573,0.0818053596614951,0.0853314527503526
superconductivity,14,ASR-TI,predicted_scale_quintile,2,1418,0.95345557122708,22.6215110792042,0.0162200282087447,0.0303244005641749
superconductivity,14,ASR-TI,predicted_scale_quintile,3,1418,0.963328631875881,38.5948423858571,0.0126939351198872,0.0239774330042313
superconductivity,14,ASR-TI,predicted_scale_quintile,4,1418,0.921015514809591,57.4359540828455,0.0472496473906911,0.0317348377997179
superconductivity,14,ASR-TI,predicted_scale_quintile,5,1417,0.9484827099506,77.8137517396582,0.036697247706422,0.0148200423429781
superconductivity,14,CQR-TI,predicted_scale_quintile,1,1418,0.942877291960508,13.1953458133267,0.0253878702397743,0.0317348377997179
superconductivity,14,CQR-TI,predicted_scale_quintile,2,1418,0.926657263751763,23.6413692369385,0.041607898448519,0.0317348377997179
superconductivity,14,CQR-TI,predicted_scale_quintile,3,1418,0.932299012693935,46.356976025936,0.0366713681241185,0.0310296191819464
superconductivity,14,CQR-TI,predicted_scale_quintile,4,1418,0.892806770098731,72.4630202147652,0.0282087447108604,0.078984485190409
superconductivity,14,CQR-TI,predicted_scale_quintile,5,1417,0.888496824276641,77.6109598944551,0.0486944248412138,0.0628087508821454
superconductivity,14,Parametric-TI,predicted_scale_quintile,1,1418,1,28.5719559303825,0,0
superconductivity,14,Parametric-TI,predicted_scale_quintile,2,1418,0.991537376586742,33.7243552827182,0.00211565585331453,0.00634696755994358
superconductivity,14,Parametric-TI,predicted_scale_quintile,3,1418,0.974612129760226,41.4140398157546,0.0105782792665726,0.0148095909732017
superconductivity,14,Parametric-TI,predicted_scale_quintile,4,1418,0.828631875881523,45.4504585991137,0.0881523272214387,0.0832157968970381
superconductivity,14,Parametric-TI,predicted_scale_quintile,5,1417,0.70924488355681,45.864833367369,0.170783345095272,0.119971771347918
superconductivity,15,SR-TI,predicted_scale_quintile,1,1418,0.707334273624824,10.4152484789575,0.161495063469676,0.131170662905501
superconductivity,15,SR-TI,predicted_scale_quintile,2,1418,0.98589562764457,25.6259070138145,0.00493653032440056,0.00916784203102962
superconductivity,15,SR-TI,predicted_scale_quintile,3,1418,0.96262341325811,45.3721109571788,0.0211565585331453,0.0162200282087447
superconductivity,15,SR-TI,predicted_scale_quintile,4,1418,0.956276445698166,67.3846546656237,0.0331452750352609,0.0105782792665726
superconductivity,15,SR-TI,predicted_scale_quintile,5,1417,0.984474241354975,94.7719326405539,0.00988002822865208,0.00564573041637262
superconductivity,15,ASR-TI,predicted_scale_quintile,1,1418,0.707334273624824,10.4241610426554,0.161495063469676,0.131170662905501
superconductivity,15,ASR-TI,predicted_scale_quintile,2,1418,0.98589562764457,25.648041581051,0.00493653032440056,0.00916784203102962
superconductivity,15,ASR-TI,predicted_scale_quintile,3,1418,0.963328631875881,45.4077931694541,0.0211565585331453,0.0155148095909732
superconductivity,15,ASR-TI,predicted_scale_quintile,4,1418,0.956981664315938,67.4340382647348,0.0331452750352609,0.00987306064880113
superconductivity,15,ASR-TI,predicted_scale_quintile,5,1417,0.984474241354975,94.8407195987037,0.00988002822865208,0.00564573041637262
superconductivity,15,CQR-TI,predicted_scale_quintile,1,1418,0.949929478138223,13.4354532759198,0.0148095909732017,0.0352609308885755
superconductivity,15,CQR-TI,predicted_scale_quintile,2,1418,0.930888575458392,22.9163766685316,0.0380818053596615,0.0310296191819464
superconductivity,15,CQR-TI,predicted_scale_quintile,3,1418,0.897743300423131,45.6836829951174,0.0613540197461213,0.0409026798307475
superconductivity,15,CQR-TI,predicted_scale_quintile,4,1418,0.906911142454161,68.4244670193947,0.0394922425952045,0.0535966149506347
superconductivity,15,CQR-TI,predicted_scale_quintile,5,1417,0.882851093860268,78.5571995524236,0.0289343683839097,0.0882145377558222
superconductivity,15,Parametric-TI,predicted_scale_quintile,1,1418,0.997884344146686,28.4109201671389,0.00141043723554302,0.000705218617771509
superconductivity,15,Parametric-TI,predicted_scale_quintile,2,1418,0.997179125528914,33.3286899508133,0.00141043723554302,0.00141043723554302
superconductivity,15,Parametric-TI,predicted_scale_quintile,3,1418,0.952750352609309,41.5720278141247,0.0275035260930889,0.0197461212976023
superconductivity,15,Parametric-TI,predicted_scale_quintile,4,1418,0.857545839210155,44.838727505269,0.0895627644569817,0.0528913963328632
superconductivity,15,Parametric-TI,predicted_scale_quintile,5,1417,0.721947776993649,45.5284030404594,0.134791813690896,0.143260409315455
superconductivity,16,SR-TI,predicted_scale_quintile,1,1418,0.693935119887165,10.7710355542556,0.162200282087447,0.143864598025388
superconductivity,16,SR-TI,predicted_scale_quintile,2,1418,0.972496473906911,24.069563797454,0.00987306064880113,0.0176304654442877
superconductivity,16,SR-TI,predicted_scale_quintile,3,1418,0.968970380818054,44.3015109334443,0.00987306064880113,0.0211565585331453
superconductivity,16,SR-TI,predicted_scale_quintile,4,1418,0.968265162200282,68.3132309319193,0.0239774330042313,0.0077574047954866
superconductivity,16,SR-TI,predicted_scale_quintile,5,1417,0.971771347918137,93.1218318215306,0.0261115031757234,0.00211714890613973
superconductivity,16,ASR-TI,predicted_scale_quintile,1,1418,0.692524682651622,10.8814956192861,0.165726375176305,0.141748942172073
superconductivity,16,ASR-TI,predicted_scale_quintile,2,1418,0.970380818053597,24.2355344427159,0.0126939351198872,0.0169252468265162
superconductivity,16,ASR-TI,predicted_scale_quintile,3,1418,0.969675599435825,44.4438741214692,0.0105782792665726,0.0197461212976023
superconductivity,16,ASR-TI,predicted_scale_quintile,4,1418,0.968970380818054,68.0216611803443,0.0246826516220028,0.00634696755994358
superconductivity,16,ASR-TI,predicted_scale_quintile,5,1417,0.969654199011997,92.6335839187772,0.0282286520818631,0.00211714890613973
superconductivity,16,CQR-TI,predicted_scale_quintile,1,1418,0.954866008462623,13.3930815732164,0.0183356840620592,0.0267983074753173
superconductivity,16,CQR-TI,predicted_scale_quintile,2,1418,0.944287729196051,23.3362462976606,0.0275035260930889,0.0282087447108604
superconductivity,16,CQR-TI,predicted_scale_quintile,3,1418,0.922425952045134,44.8125057810148,0.038787023977433,0.038787023977433
superconductivity,16,CQR-TI,predicted_scale_quintile,4,1418,0.921015514809591,68.3017276737657,0.0394922425952045,0.0394922425952045
superconductivity,16,CQR-TI,predicted_scale_quintile,5,1417,0.879322512350035,77.8569807892035,0.0536344389555399,0.0670430486944249
superconductivity,16,Parametric-TI,predicted_scale_quintile,1,1418,0.999294781382229,30.4914749284378,0,0.000705218617771509
superconductivity,16,Parametric-TI,predicted_scale_quintile,2,1418,0.995063469675599,35.4437322763512,0.00211565585331453,0.00282087447108604
superconductivity,16,Parametric-TI,predicted_scale_quintile,3,1418,0.968265162200282,43.9631147666632,0.00987306064880113,0.0218617771509168
superconductivity,16,Parametric-TI,predicted_scale_quintile,4,1418,0.887165021156559,48.0478785843168,0.0754583921015515,0.03737658674189
superconductivity,16,Parametric-TI,predicted_scale_quintile,5,1417,0.731827805222301,49.1596487022319,0.170783345095272,0.0973888496824277
superconductivity,17,SR-TI,predicted_scale_quintile,1,1418,0.820874471086037,11.7258360147036,0.0719322990126939,0.107193229901269
superconductivity,17,SR-TI,predicted_scale_quintile,2,1418,0.922425952045134,21.329083189371,0.0267983074753173,0.0507757404795487
superconductivity,17,SR-TI,predicted_scale_quintile,3,1418,0.921720733427362,36.0989936737254,0.0521861777150917,0.0260930888575458
superconductivity,17,SR-TI,predicted_scale_quintile,4,1418,0.913258110014104,53.7396767183418,0.0648801128349788,0.0218617771509168
superconductivity,17,SR-TI,predicted_scale_quintile,5,1417,0.932956951305575,73.1445609293839,0.0515172900494001,0.0155257586450247
superconductivity,17,ASR-TI,predicted_scale_quintile,1,1418,0.820874471086037,11.7131902027134,0.0705218617771509,0.108603667136812
superconductivity,17,ASR-TI,predicted_scale_quintile,2,1418,0.921720733427362,21.313816915955,0.0267983074753173,0.0514809590973202
superconductivity,17,ASR-TI,predicted_scale_quintile,3,1418,0.921720733427362,36.0878170195695,0.0514809590973202,0.0267983074753173
superconductivity,17,ASR-TI,predicted_scale_quintile,4,1418,0.913963328631876,53.755254151292,0.0641748942172073,0.0218617771509168
superconductivity,17,ASR-TI,predicted_scale_quintile,5,1417,0.933662667607622,73.1694135865858,0.0508115737473536,0.0155257586450247
superconductivity,17,CQR-TI,predicted_scale_quintile,1,1418,0.933709449929478,13.2832375669475,0.0162200282087447,0.0500705218617772
superconductivity,17,CQR-TI,predicted_scale_quintile,2,1418,0.929478138222849,23.8127779350071,0.035966149506347,0.034555712270804
superconductivity,17,CQR-TI,predicted_scale_quintile,3,1418,0.915373765867419,41.8586983016567,0.0543018335684062,0.0303244005641749
superconductivity,17,CQR-TI,predicted_scale_quintile,4,1418,0.916784203102962,69.4444399576818,0.0430183356840621,0.040197461212976
superconductivity,17,CQR-TI,predicted_scale_quintile,5,1417,0.889202540578688,77.808093044012,0.0494001411432604,0.0613973182780522
superconductivity,17,Parametric-TI,predicted_scale_quintile,1,1418,0.997179125528914,29.3477589441942,0,0.00282087447108604
superconductivity,17,Parametric-TI,predicted_scale_quintile,2,1418,0.992242595204513,34.7688383603911,0.000705218617771509,0.00705218617771509
superconductivity,17,Parametric-TI,predicted_scale_quintile,3,1418,0.958392101551481,41.9262571391982,0.0282087447108604,0.0133991537376587
superconductivity,17,Parametric-TI,predicted_scale_quintile,4,1418,0.875176304654443,46.4334618582952,0.0860366713681241,0.038787023977433
superconductivity,17,Parametric-TI,predicted_scale_quintile,5,1417,0.731122088920254,47.1152999141858,0.155257586450247,0.113620324629499
superconductivity,18,SR-TI,predicted_scale_quintile,1,1418,0.791255289139633,12.2432176262693,0.0930888575458392,0.115655853314528
superconductivity,18,SR-TI,predicted_scale_quintile,2,1418,0.961212976022567,22.8407259048233,0.0077574047954866,0.0310296191819464
superconductivity,18,SR-TI,predicted_scale_quintile,3,1418,0.952750352609309,40.500480144471,0.0197461212976023,0.0275035260930889
superconductivity,18,SR-TI,predicted_scale_quintile,4,1418,0.93935119887165,60.3938576810021,0.0465444287729196,0.0141043723554302
superconductivity,18,SR-TI,predicted_scale_quintile,5,1417,0.959774170783345,86.4400298499021,0.0303458009880028,0.00988002822865208
superconductivity,18,ASR-TI,predicted_scale_quintile,1,1418,0.78984485190409,12.1479668439855,0.0916784203102962,0.118476727785614
superconductivity,18,ASR-TI,predicted_scale_quintile,2,1418,0.959802538787024,22.6850632074978,0.00634696755994358,0.0338504936530324
superconductivity,18,ASR-TI,predicted_scale_quintile,3,1418,0.952750352609309,40.3679291824254,0.0183356840620592,0.0289139633286319
superconductivity,18,ASR-TI,predicted_scale_quintile,4,1418,0.940056417489422,60.4255507964906,0.0444287729196051,0.0155148095909732
superconductivity,18,ASR-TI,predicted_scale_quintile,5,1417,0.960479887085392,86.4720694537765,0.0275229357798165,0.0119971771347918
superconductivity,18,CQR-TI,predicted_scale_quintile,1,1418,0.937235543018336,13.9603149012762,0.0197461212976023,0.0430183356840621
superconductivity,18,CQR-TI,predicted_scale_quintile,2,1418,0.940056417489422,22.9006328183938,0.0260930888575458,0.0338504936530324
superconductivity,18,CQR-TI,predicted_scale_quintile,3,1418,0.923836389280677,45.8163761348885,0.041607898448519,0.034555712270804
superconductivity,18,CQR-TI,predicted_scale_quintile,4,1418,0.932299012693935,70.4929856057138,0.0275035260930889,0.040197461212976
superconductivity,18,CQR-TI,predicted_scale_quintile,5,1417,0.877205363443896,79.3930078802224,0.0458715596330275,0.0769230769230769
superconductivity,18,Parametric-TI,predicted_scale_quintile,1,1418,0.999294781382229,29.9903452637485,0,0.000705218617771509
superconductivity,18,Parametric-TI,predicted_scale_quintile,2,1418,0.996473906911142,34.3867666239763,0,0.00352609308885755
superconductivity,18,Parametric-TI,predicted_scale_quintile,3,1418,0.970380818053597,42.961629560123,0.00987306064880113,0.0197461212976023
superconductivity,18,Parametric-TI,predicted_scale_quintile,4,1418,0.863892806770099,47.123218120288,0.0994358251057828,0.0366713681241185
superconductivity,18,Parametric-TI,predicted_scale_quintile,5,1417,0.738884968242766,47.4612552549174,0.146083274523642,0.115031757233592
superconductivity,19,SR-TI,predicted_scale_quintile,1,1418,0.892101551480959,12.553313348184,0.0239774330042313,0.0839210155148096
superconductivity,19,SR-TI,predicted_scale_quintile,2,1418,0.928772919605078,21.1754046569076,0.0197461212976023,0.0514809590973202
superconductivity,19,SR-TI,predicted_scale_quintile,3,1418,0.921015514809591,34.4907212430482,0.0444287729196051,0.034555712270804
superconductivity,19,SR-TI,predicted_scale_quintile,4,1418,0.91114245416079,52.1074094830742,0.0648801128349788,0.0239774330042313
superconductivity,19,SR-TI,predicted_scale_quintile,5,1417,0.904728299223712,71.3052166863455,0.0691601976005646,0.0261115031757234
superconductivity,19,ASR-TI,predicted_scale_quintile,1,1418,0.895627644569817,12.6300848656873,0.0239774330042313,0.0803949224259521
superconductivity,19,ASR-TI,predicted_scale_quintile,2,1418,0.929478138222849,21.2688647309254,0.0204513399153738,0.0500705218617772
superconductivity,19,ASR-TI,predicted_scale_quintile,3,1418,0.920310296191819,34.5597988702541,0.0451339915373766,0.034555712270804
superconductivity,19,ASR-TI,predicted_scale_quintile,4,1418,0.910437235543018,52.1216358775856,0.0662905500705219,0.0232722143864598
superconductivity,19,ASR-TI,predicted_scale_quintile,5,1417,0.904728299223712,71.3033048983206,0.0712773465067043,0.0239943542695836
superconductivity,19,CQR-TI,predicted_scale_quintile,1,1418,0.946403385049365,13.2074932698772,0.0197461212976023,0.0338504936530324
superconductivity,19,CQR-TI,predicted_scale_quintile,2,1418,0.917489421720733,22.4387925090799,0.0423131170662905,0.040197461212976
superconductivity,19,CQR-TI,predicted_scale_quintile,3,1418,0.924541607898449,45.1618294898214,0.0338504936530324,0.041607898448519
superconductivity,19,CQR-TI,predicted_scale_quintile,4,1418,0.913963328631876,71.5540573956334,0.035966149506347,0.0500705218617772
superconductivity,19,CQR-TI,predicted_scale_quintile,5,1417,0.906139731827805,80.5517930934544,0.0310515172900494,0.0628087508821454
superconductivity,19,Parametric-TI,predicted_scale_quintile,1,1418,1,28.0787120373131,0,0
superconductivity,19,Parametric-TI,predicted_scale_quintile,2,1418,0.988716502115656,33.2213743831878,0.00211565585331453,0.00916784203102962
superconductivity,19,Parametric-TI,predicted_scale_quintile,3,1418,0.957686882933709,41.0485222364751,0.0275035260930889,0.0148095909732017
superconductivity,19,Parametric-TI,predicted_scale_quintile,4,1418,0.857545839210155,45.006299478513,0.0966149506346968,0.0458392101551481
superconductivity,19,Parametric-TI,predicted_scale_quintile,5,1417,0.712067748764997,45.3893893515928,0.173606210303458,0.114326040931546
superconductivity,20,SR-TI,predicted_scale_quintile,1,1418,0.81311706629055,12.1153586037313,0.0860366713681241,0.100846262341326
superconductivity,20,SR-TI,predicted_scale_quintile,2,1418,0.930888575458392,22.4458179386937,0.0141043723554302,0.0550070521861777
superconductivity,20,SR-TI,predicted_scale_quintile,3,1418,0.959802538787024,40.7445298282851,0.0190409026798308,0.0211565585331453
superconductivity,20,SR-TI,predicted_scale_quintile,4,1418,0.95345557122708,62.7286484241653,0.0366713681241185,0.00987306064880113
superconductivity,20,SR-TI,predicted_scale_quintile,5,1417,0.962597035991531,85.4159649164689,0.0282286520818631,0.0091743119266055
superconductivity,20,ASR-TI,predicted_scale_quintile,1,1418,0.806064880112835,11.8395909992339,0.0846262341325811,0.109308885754584
superconductivity,20,ASR-TI,predicted_scale_quintile,2,1418,0.921015514809591,22.0203734501663,0.0126939351198872,0.0662905500705219
superconductivity,20,ASR-TI,predicted_scale_quintile,3,1418,0.959802538787024,40.2757139331079,0.0155148095909732,0.0246826516220028
superconductivity,20,ASR-TI,predicted_scale_quintile,4,1418,0.95345557122708,62.6395115997676,0.0324400564174894,0.0141043723554302
superconductivity,20,ASR-TI,predicted_scale_quintile,5,1417,0.963302752293578,85.3803062915058,0.0239943542695836,0.0127028934368384
superconductivity,20,CQR-TI,predicted_scale_quintile,1,1418,0.925952045133991,14.2436589326888,0.0366713681241185,0.03737658674189
superconductivity,20,CQR-TI,predicted_scale_quintile,2,1418,0.915373765867419,22.3544821145875,0.0317348377997179,0.0528913963328632
superconductivity,20,CQR-TI,predicted_scale_quintile,3,1418,0.932299012693935,44.5000289145832,0.038787023977433,0.0289139633286319
superconductivity,20,CQR-TI,predicted_scale_quintile,4,1418,0.910437235543018,70.0766797419606,0.0267983074753173,0.0627644569816643
superconductivity,20,CQR-TI,predicted_scale_quintile,5,1417,0.892025405786874,78.6473433458258,0.045165843330981,0.0628087508821454
superconductivity,20,Parametric-TI,predicted_scale_quintile,1,1418,0.996473906911142,30.0842627827722,0,0.00352609308885755
superconductivity,20,Parametric-TI,predicted_scale_quintile,2,1418,0.995063469675599,34.6431086741629,0.000705218617771509,0.00423131170662906
superconductivity,20,Parametric-TI,predicted_scale_quintile,3,1418,0.956981664315938,42.8129706576669,0.0225669957686883,0.0204513399153738
superconductivity,20,Parametric-TI,predicted_scale_quintile,4,1418,0.889280677009873,46.6083398124631,0.0684062059238364,0.0423131170662905
superconductivity,20,Parametric-TI,predicted_scale_quintile,5,1417,0.734650670430487,47.6466825246252,0.166549047282992,0.0988002822865208
meps_expenditure,1,SR-TI,predicted_scale_quintile,1,1044,0.877394636015326,83718.9761784993,0.0919540229885057,0.0306513409961686
meps_expenditure,1,SR-TI,predicted_scale_quintile,2,1044,0.909003831417625,77531.0790391145,0.0833333333333333,0.00766283524904215
meps_expenditure,1,SR-TI,predicted_scale_quintile,3,1044,0.896551724137931,71047.1643962998,0.0948275862068965,0.00862068965517241
meps_expenditure,1,SR-TI,predicted_scale_quintile,4,1044,0.949233716475096,68946.7754915774,0.0411877394636015,0.00957854406130268
meps_expenditure,1,SR-TI,predicted_scale_quintile,5,1044,0.988505747126437,84354.8027966743,0.00670498084291188,0.00478927203065134
meps_expenditure,1,ASR-TI,predicted_scale_quintile,1,1044,0.877394636015326,83718.9761784993,0.0919540229885057,0.0306513409961686
meps_expenditure,1,ASR-TI,predicted_scale_quintile,2,1044,0.909003831417625,77531.0790391145,0.0833333333333333,0.00766283524904215
meps_expenditure,1,ASR-TI,predicted_scale_quintile,3,1044,0.896551724137931,71047.1643962998,0.0948275862068965,0.00862068965517241
meps_expenditure,1,ASR-TI,predicted_scale_quintile,4,1044,0.949233716475096,68946.7754915773,0.0411877394636015,0.00957854406130268
meps_expenditure,1,ASR-TI,predicted_scale_quintile,5,1044,0.988505747126437,84354.8027966742,0.00670498084291188,0.00478927203065134
meps_expenditure,1,CQR-TI,predicted_scale_quintile,1,1044,0.926245210727969,30092.139417734,0.00957854406130268,0.064176245210728
meps_expenditure,1,CQR-TI,predicted_scale_quintile,2,1044,0.912835249042146,12580.9649775606,0.0124521072796935,0.0747126436781609
meps_expenditure,1,CQR-TI,predicted_scale_quintile,3,1044,0.920498084291188,9351.35764225339,0.024904214559387,0.0545977011494253
meps_expenditure,1,CQR-TI,predicted_scale_quintile,4,1044,0.917624521072797,8133.13698789233,0.0191570881226054,0.0632183908045977
meps_expenditure,1,CQR-TI,predicted_scale_quintile,5,1044,0.951149425287356,6472.77445101663,0.00766283524904215,0.0411877394636015
meps_expenditure,1,Parametric-TI,predicted_scale_quintile,1,1044,0.958812260536398,377354.796662447,0.0373563218390805,0.00383141762452107
meps_expenditure,1,Parametric-TI,predicted_scale_quintile,2,1044,0.909003831417625,85069.553811035,0.0842911877394636,0.00670498084291188
meps_expenditure,1,Parametric-TI,predicted_scale_quintile,3,1044,0.837164750957854,41813.8452746226,0.146551724137931,0.0162835249042146
meps_expenditure,1,Parametric-TI,predicted_scale_quintile,4,1044,0.824712643678161,23711.4119024825,0.14272030651341,0.0325670498084291
meps_expenditure,1,Parametric-TI,predicted_scale_quintile,5,1044,0.852490421455939,12370.0683025602,0.101532567049808,0.0459770114942529
meps_expenditure,2,SR-TI,predicted_scale_quintile,1,1044,0.889846743295019,83815.5902124954,0.0842911877394636,0.0258620689655172
meps_expenditure,2,SR-TI,predicted_scale_quintile,2,1044,0.908045977011494,81028.8228837291,0.0842911877394636,0.00766283524904215
meps_expenditure,2,SR-TI,predicted_scale_quintile,3,1044,0.883141762452107,60013.8060765986,0.10727969348659,0.00957854406130268
meps_expenditure,2,SR-TI,predicted_scale_quintile,4,1044,0.945402298850575,49681.0493364272,0.0459770114942529,0.00862068965517241
meps_expenditure,2,SR-TI,predicted_scale_quintile,5,1044,0.977969348659004,41663.8559394055,0.00862068965517241,0.0134099616858238
meps_expenditure,2,ASR-TI,predicted_scale_quintile,1,1044,0.886973180076628,55515.0366474683,0.078544061302682,0.0344827586206897
meps_expenditure,2,ASR-TI,predicted_scale_quintile,2,1044,0.896551724137931,46224.5824530718,0.0814176245210728,0.0220306513409962
meps_expenditure,2,ASR-TI,predicted_scale_quintile,3,1044,0.902298850574713,31820.1865784093,0.0727969348659004,0.024904214559387
meps_expenditure,2,ASR-TI,predicted_scale_quintile,4,1044,0.958812260536398,24809.2541283537,0.0220306513409962,0.0191570881226054
meps_expenditure,2,ASR-TI,predicted_scale_quintile,5,1044,0.961685823754789,19165.5329113893,0.00383141762452107,0.0344827586206897
meps_expenditure,2,CQR-TI,predicted_scale_quintile,1,1044,0.904214559386973,29856.6264210525,0.024904214559387,0.0708812260536399
meps_expenditure,2,CQR-TI,predicted_scale_quintile,2,1044,0.909961685823755,14622.1261727374,0.0268199233716475,0.0632183908045977
meps_expenditure,2,CQR-TI,predicted_scale_quintile,3,1044,0.908045977011494,9430.47032545991,0.0296934865900383,0.0622605363984674
meps_expenditure,2,CQR-TI,predicted_scale_quintile,4,1044,0.918582375478927,7372.33642274123,0.0229885057471264,0.0584291187739464
meps_expenditure,2,CQR-TI,predicted_scale_quintile,5,1044,0.943486590038314,6488.86923505181,0.00766283524904215,0.0488505747126437
meps_expenditure,2,Parametric-TI,predicted_scale_quintile,1,1044,0.970306513409962,388358.63115168,0.028735632183908,0.000957854406130268
meps_expenditure,2,Parametric-TI,predicted_scale_quintile,2,1044,0.908045977011494,89910.905481658,0.0842911877394636,0.00766283524904215
meps_expenditure,2,Parametric-TI,predicted_scale_quintile,3,1044,0.845785440613027,38332.9520217367,0.135057471264368,0.0191570881226054
meps_expenditure,2,Parametric-TI,predicted_scale_quintile,4,1044,0.826628352490421,20297.6395719087,0.149425287356322,0.0239463601532567
meps_expenditure,2,Parametric-TI,predicted_scale_quintile,5,1044,0.836206896551724,9449.90491488463,0.0919540229885057,0.0718390804597701
meps_expenditure,3,SR-TI,predicted_scale_quintile,1,1044,0.901340996168582,73794.2222123161,0.0651340996168582,0.0335249042145594
meps_expenditure,3,SR-TI,predicted_scale_quintile,2,1044,0.886973180076628,76753.6670469511,0.104406130268199,0.00862068965517241
meps_expenditure,3,SR-TI,predicted_scale_quintile,3,1044,0.878352490421456,58540.9731284434,0.113984674329502,0.00766283524904215
meps_expenditure,3,SR-TI,predicted_scale_quintile,4,1044,0.940613026819923,51471.0425170524,0.0498084291187739,0.00957854406130268
meps_expenditure,3,SR-TI,predicted_scale_quintile,5,1044,0.974137931034483,38143.8958971212,0.00670498084291188,0.0191570881226054
meps_expenditure,3,ASR-TI,predicted_scale_quintile,1,1044,0.885057471264368,43960.9087432081,0.0593869731800766,0.0555555555555556
meps_expenditure,3,ASR-TI,predicted_scale_quintile,2,1044,0.879310344827586,37580.1550739847,0.100574712643678,0.0201149425287356
meps_expenditure,3,ASR-TI,predicted_scale_quintile,3,1044,0.908045977011494,26090.8169653391,0.0708812260536399,0.0210727969348659
meps_expenditure,3,ASR-TI,predicted_scale_quintile,4,1044,0.951149425287356,21150.8900965411,0.0210727969348659,0.0277777777777778
meps_expenditure,3,ASR-TI,predicted_scale_quintile,5,1044,0.954980842911877,14077.0110366078,0.0028735632183908,0.0421455938697318
meps_expenditure,3,CQR-TI,predicted_scale_quintile,1,1044,0.913793103448276,28277.3158984622,0.014367816091954,0.0718390804597701
meps_expenditure,3,CQR-TI,predicted_scale_quintile,2,1044,0.915708812260536,13326.1734139248,0.0201149425287356,0.064176245210728
meps_expenditure,3,CQR-TI,predicted_scale_quintile,3,1044,0.914750957854406,8717.62964834299,0.0239463601532567,0.0613026819923372
meps_expenditure,3,CQR-TI,predicted_scale_quintile,4,1044,0.919540229885057,7239.20468432293,0.0239463601532567,0.0565134099616858
meps_expenditure,3,CQR-TI,predicted_scale_quintile,5,1044,0.920498084291188,5930.86684734238,0.0153256704980843,0.064176245210728
meps_expenditure,3,Parametric-TI,predicted_scale_quintile,1,1044,0.975095785440613,322835.504011665,0.024904214559387,0
meps_expenditure,3,Parametric-TI,predicted_scale_quintile,2,1044,0.890804597701149,81199.7076538536,0.104406130268199,0.00478927203065134
meps_expenditure,3,Parametric-TI,predicted_scale_quintile,3,1044,0.840996168582375,35592.4088654747,0.138888888888889,0.0201149425287356
meps_expenditure,3,Parametric-TI,predicted_scale_quintile,4,1044,0.840038314176245,19547.305192525,0.130268199233716,0.0296934865900383
meps_expenditure,3,Parametric-TI,predicted_scale_quintile,5,1044,0.82183908045977,7948.05864616191,0.10536398467433,0.0727969348659004
meps_expenditure,4,SR-TI,predicted_scale_quintile,1,1044,0.909003831417625,80286.780426019,0.0622605363984674,0.028735632183908
meps_expenditure,4,SR-TI,predicted_scale_quintile,2,1044,0.910919540229885,87784.8861951681,0.0814176245210728,0.00766283524904215
meps_expenditure,4,SR-TI,predicted_scale_quintile,3,1044,0.917624521072797,76569.293470481,0.0718390804597701,0.010536398467433
meps_expenditure,4,SR-TI,predicted_scale_quintile,4,1044,0.943486590038314,84643.8748042051,0.0488505747126437,0.00766283524904215
meps_expenditure,4,SR-TI,predicted_scale_quintile,5,1044,0.972222222222222,97248.3443346438,0.0201149425287356,0.00766283524904215
meps_expenditure,4,ASR-TI,predicted_scale_quintile,1,1044,0.889846743295019,52079.526617159,0.0545977011494253,0.0555555555555556
meps_expenditure,4,ASR-TI,predicted_scale_quintile,2,1044,0.907088122605364,48113.8241647407,0.0699233716475096,0.0229885057471264
meps_expenditure,4,ASR-TI,predicted_scale_quintile,3,1044,0.931034482758621,38608.9720735275,0.0478927203065134,0.0210727969348659
meps_expenditure,4,ASR-TI,predicted_scale_quintile,4,1044,0.950191570881226,40282.5480367278,0.0277777777777778,0.0220306513409962
meps_expenditure,4,ASR-TI,predicted_scale_quintile,5,1044,0.96360153256705,42081.5384897216,0.0134099616858238,0.0229885057471264
meps_expenditure,4,CQR-TI,predicted_scale_quintile,1,1044,0.908045977011494,27265.6308889315,0.010536398467433,0.0814176245210728
meps_expenditure,4,CQR-TI,predicted_scale_quintile,2,1044,0.900383141762452,13136.0015000062,0.0344827586206897,0.0651340996168582
meps_expenditure,4,CQR-TI,predicted_scale_quintile,3,1044,0.909961685823755,9131.80653235532,0.0229885057471264,0.0670498084291188
meps_expenditure,4,CQR-TI,predicted_scale_quintile,4,1044,0.917624521072797,8626.1412951993,0.0220306513409962,0.0603448275862069
meps_expenditure,4,CQR-TI,predicted_scale_quintile,5,1044,0.926245210727969,8124.41419708805,0.0258620689655172,0.0478927203065134
meps_expenditure,4,Parametric-TI,predicted_scale_quintile,1,1044,0.968390804597701,368095.990461133,0.0296934865900383,0.00191570881226054
meps_expenditure,4,Parametric-TI,predicted_scale_quintile,2,1044,0.908045977011494,93676.5093885235,0.0842911877394636,0.00766283524904215
meps_expenditure,4,Parametric-TI,predicted_scale_quintile,3,1044,0.871647509578544,44339.5765167075,0.10823754789272,0.0201149425287356
meps_expenditure,4,Parametric-TI,predicted_scale_quintile,4,1044,0.852490421455939,32453.0985685602,0.117816091954023,0.0296934865900383
meps_expenditure,4,Parametric-TI,predicted_scale_quintile,5,1044,0.835249042145594,19923.3082829605,0.119731800766284,0.0450191570881226
meps_expenditure,5,SR-TI,predicted_scale_quintile,1,1044,0.896551724137931,69902.9718767833,0.0737547892720307,0.0296934865900383
meps_expenditure,5,SR-TI,predicted_scale_quintile,2,1044,0.901340996168582,60086.101985931,0.0833333333333333,0.0153256704980843
meps_expenditure,5,SR-TI,predicted_scale_quintile,3,1044,0.879310344827586,42518.4625473158,0.104406130268199,0.0162835249042146
meps_expenditure,5,SR-TI,predicted_scale_quintile,4,1044,0.926245210727969,40297.8744670448,0.0565134099616858,0.0172413793103448
meps_expenditure,5,SR-TI,predicted_scale_quintile,5,1044,0.960727969348659,43614.0202175619,0.0268199233716475,0.0124521072796935
meps_expenditure,5,ASR-TI,predicted_scale_quintile,1,1044,0.879310344827586,42896.2212414672,0.0584291187739464,0.0622605363984674
meps_expenditure,5,ASR-TI,predicted_scale_quintile,2,1044,0.89176245210728,29451.0933347413,0.0699233716475096,0.0383141762452107
meps_expenditure,5,ASR-TI,predicted_scale_quintile,3,1044,0.890804597701149,18912.8516842243,0.0689655172413793,0.0402298850574713
meps_expenditure,5,ASR-TI,predicted_scale_quintile,4,1044,0.939655172413793,16723.3098547233,0.0220306513409962,0.0383141762452107
meps_expenditure,5,ASR-TI,predicted_scale_quintile,5,1044,0.952107279693487,16356.9351844725,0.00574712643678161,0.0421455938697318
meps_expenditure,5,CQR-TI,predicted_scale_quintile,1,1044,0.922413793103448,34458.788826601,0.0210727969348659,0.0565134099616858
meps_expenditure,5,CQR-TI,predicted_scale_quintile,2,1044,0.885057471264368,12375.4220133133,0.0411877394636015,0.0737547892720307
meps_expenditure,5,CQR-TI,predicted_scale_quintile,3,1044,0.903256704980843,8080.54491218739,0.039272030651341,0.0574712643678161
meps_expenditure,5,CQR-TI,predicted_scale_quintile,4,1044,0.936781609195402,6932.23183453931,0.0162835249042146,0.0469348659003831
meps_expenditure,5,CQR-TI,predicted_scale_quintile,5,1044,0.944444444444444,6833.32887632272,0.014367816091954,0.0411877394636015
meps_expenditure,5,Parametric-TI,predicted_scale_quintile,1,1044,0.970306513409962,472970.758588822,0.0296934865900383,0
meps_expenditure,5,Parametric-TI,predicted_scale_quintile,2,1044,0.913793103448276,86155.2693743958,0.0775862068965517,0.00862068965517241
meps_expenditure,5,Parametric-TI,predicted_scale_quintile,3,1044,0.864942528735632,34426.2856289417,0.114942528735632,0.0201149425287356
meps_expenditure,5,Parametric-TI,predicted_scale_quintile,4,1044,0.852490421455939,21889.8321928835,0.118773946360153,0.028735632183908
meps_expenditure,5,Parametric-TI,predicted_scale_quintile,5,1044,0.846743295019157,13680.850326658,0.10632183908046,0.0469348659003831
meps_expenditure,6,SR-TI,predicted_scale_quintile,1,1044,0.863984674329502,71651.8658159154,0.0862068965517242,0.0498084291187739
meps_expenditure,6,SR-TI,predicted_scale_quintile,2,1044,0.912835249042146,68780.2321023914,0.0756704980842912,0.0114942528735632
meps_expenditure,6,SR-TI,predicted_scale_quintile,3,1044,0.901340996168582,65477.6763389116,0.0862068965517242,0.0124521072796935
meps_expenditure,6,SR-TI,predicted_scale_quintile,4,1044,0.954022988505747,58046.4005190191,0.0411877394636015,0.00478927203065134
meps_expenditure,6,SR-TI,predicted_scale_quintile,5,1044,0.983716475095785,68061.0628188095,0.0124521072796935,0.00383141762452107
meps_expenditure,6,ASR-TI,predicted_scale_quintile,1,1044,0.860153256704981,46688.4934284202,0.0737547892720307,0.0660919540229885
meps_expenditure,6,ASR-TI,predicted_scale_quintile,2,1044,0.908045977011494,37495.7227645618,0.0613026819923372,0.0306513409961686
meps_expenditure,6,ASR-TI,predicted_scale_quintile,3,1044,0.937739463601533,32381.1329663107,0.0421455938697318,0.0201149425287356
meps_expenditure,6,ASR-TI,predicted_scale_quintile,4,1044,0.973180076628353,26685.729614801,0.00957854406130268,0.0172413793103448
meps_expenditure,6,ASR-TI,predicted_scale_quintile,5,1044,0.983716475095785,28153.0112320965,0,0.0162835249042146
meps_expenditure,6,CQR-TI,predicted_scale_quintile,1,1044,0.907088122605364,29499.0763415312,0.0201149425287356,0.0727969348659004
meps_expenditure,6,CQR-TI,predicted_scale_quintile,2,1044,0.909003831417625,13074.5273372193,0.024904214559387,0.0660919540229885
meps_expenditure,6,CQR-TI,predicted_scale_quintile,3,1044,0.924329501915709,9538.51298626369,0.024904214559387,0.0507662835249042
meps_expenditure,6,CQR-TI,predicted_scale_quintile,4,1044,0.943486590038314,7577.0764055309,0.0124521072796935,0.0440613026819923
meps_expenditure,6,CQR-TI,predicted_scale_quintile,5,1044,0.945402298850575,6746.18456413734,0.0134099616858238,0.0411877394636015
meps_expenditure,6,Parametric-TI,predicted_scale_quintile,1,1044,0.96360153256705,434542.99419635,0.0344827586206897,0.00191570881226054
meps_expenditure,6,Parametric-TI,predicted_scale_quintile,2,1044,0.919540229885057,91191.0109999854,0.0737547892720307,0.00670498084291188
meps_expenditure,6,Parametric-TI,predicted_scale_quintile,3,1044,0.868773946360153,43806.9940329413,0.116858237547893,0.014367816091954
meps_expenditure,6,Parametric-TI,predicted_scale_quintile,4,1044,0.867816091954023,23484.9683687945,0.113984674329502,0.0181992337164751
meps_expenditure,6,Parametric-TI,predicted_scale_quintile,5,1044,0.841954022988506,14100.805327042,0.121647509578544,0.0363984674329502
meps_expenditure,7,SR-TI,predicted_scale_quintile,1,1044,0.89367816091954,86836.8992932741,0.0766283524904215,0.0296934865900383
meps_expenditure,7,SR-TI,predicted_scale_quintile,2,1044,0.905172413793103,70617.2849580092,0.0814176245210728,0.0134099616858238
meps_expenditure,7,SR-TI,predicted_scale_quintile,3,1044,0.895593869731801,53647.0325461031,0.0948275862068965,0.00957854406130268
meps_expenditure,7,SR-TI,predicted_scale_quintile,4,1044,0.926245210727969,65036.7335680103,0.0622605363984674,0.0114942528735632
meps_expenditure,7,SR-TI,predicted_scale_quintile,5,1044,0.977011494252874,72948.5455497574,0.0181992337164751,0.00478927203065134
meps_expenditure,7,ASR-TI,predicted_scale_quintile,1,1044,0.868773946360153,49839.2430177984,0.068007662835249,0.0632183908045977
meps_expenditure,7,ASR-TI,predicted_scale_quintile,2,1044,0.902298850574713,32575.6043924533,0.0651340996168582,0.0325670498084291
meps_expenditure,7,ASR-TI,predicted_scale_quintile,3,1044,0.931992337164751,22335.9775962618,0.0450191570881226,0.0229885057471264
meps_expenditure,7,ASR-TI,predicted_scale_quintile,4,1044,0.948275862068965,24792.2839174106,0.0258620689655172,0.0258620689655172
meps_expenditure,7,ASR-TI,predicted_scale_quintile,5,1044,0.976053639846743,24189.8097906383,0.00478927203065134,0.0191570881226054
meps_expenditure,7,CQR-TI,predicted_scale_quintile,1,1044,0.898467432950192,33422.4819657308,0.0383141762452107,0.0632183908045977
meps_expenditure,7,CQR-TI,predicted_scale_quintile,2,1044,0.913793103448276,12276.6369302431,0.0296934865900383,0.0565134099616858
meps_expenditure,7,CQR-TI,predicted_scale_quintile,3,1044,0.945402298850575,8189.5497443934,0.0191570881226054,0.0354406130268199
meps_expenditure,7,CQR-TI,predicted_scale_quintile,4,1044,0.909961685823755,8261.59902548792,0.0373563218390805,0.0526819923371648
meps_expenditure,7,CQR-TI,predicted_scale_quintile,5,1044,0.936781609195402,7816.18656587791,0.0277777777777778,0.0354406130268199
meps_expenditure,7,Parametric-TI,predicted_scale_quintile,1,1044,0.96455938697318,452385.596334402,0.0344827586206897,0.000957854406130268
meps_expenditure,7,Parametric-TI,predicted_scale_quintile,2,1044,0.907088122605364,88443.3555771011,0.0823754789272031,0.010536398467433
meps_expenditure,7,Parametric-TI,predicted_scale_quintile,3,1044,0.851532567049808,38239.2904457595,0.135057471264368,0.0134099616858238
meps_expenditure,7,Parametric-TI,predicted_scale_quintile,4,1044,0.851532567049808,28962.7578090177,0.124521072796935,0.0239463601532567
meps_expenditure,7,Parametric-TI,predicted_scale_quintile,5,1044,0.848659003831418,15748.9504240514,0.114942528735632,0.0363984674329502
meps_expenditure,8,SR-TI,predicted_scale_quintile,1,1044,0.881226053639847,95945.0380297471,0.0747126436781609,0.0440613026819923
meps_expenditure,8,SR-TI,predicted_scale_quintile,2,1044,0.875478927203065,70820.5002591168,0.117816091954023,0.00670498084291188
meps_expenditure,8,SR-TI,predicted_scale_quintile,3,1044,0.919540229885057,69227.8126629493,0.0708812260536399,0.00957854406130268
meps_expenditure,8,SR-TI,predicted_scale_quintile,4,1044,0.945402298850575,93216.840553507,0.0498084291187739,0.00478927203065134
meps_expenditure,8,SR-TI,predicted_scale_quintile,5,1044,0.978927203065134,87561.2464406718,0.014367816091954,0.00670498084291188
meps_expenditure,8,ASR-TI,predicted_scale_quintile,1,1044,0.874521072796935,56427.5906211722,0.068007662835249,0.0574712643678161
meps_expenditure,8,ASR-TI,predicted_scale_quintile,2,1044,0.884099616858238,35131.6822042419,0.092911877394636,0.0229885057471264
meps_expenditure,8,ASR-TI,predicted_scale_quintile,3,1044,0.931992337164751,31803.4100251727,0.0440613026819923,0.0239463601532567
meps_expenditure,8,ASR-TI,predicted_scale_quintile,4,1044,0.954980842911877,39411.1792357111,0.0268199233716475,0.0181992337164751
meps_expenditure,8,ASR-TI,predicted_scale_quintile,5,1044,0.966475095785441,33106.8542012223,0.00574712643678161,0.0277777777777778
meps_expenditure,8,CQR-TI,predicted_scale_quintile,1,1044,0.9272030651341,32400.2882904176,0.0210727969348659,0.0517241379310345
meps_expenditure,8,CQR-TI,predicted_scale_quintile,2,1044,0.912835249042146,11282.2440277162,0.0277777777777778,0.0593869731800766
meps_expenditure,8,CQR-TI,predicted_scale_quintile,3,1044,0.926245210727969,9390.52865085273,0.0229885057471264,0.0507662835249042
meps_expenditure,8,CQR-TI,predicted_scale_quintile,4,1044,0.920498084291188,9594.47176700943,0.0344827586206897,0.0450191570881226
meps_expenditure,8,CQR-TI,predicted_scale_quintile,5,1044,0.920498084291188,7189.29799539839,0.0268199233716475,0.0526819923371648
meps_expenditure,8,Parametric-TI,predicted_scale_quintile,1,1044,0.967432950191571,369115.003463241,0.0325670498084291,0
meps_expenditure,8,Parametric-TI,predicted_scale_quintile,2,1044,0.866858237547893,69018.0263086816,0.126436781609195,0.00670498084291188
meps_expenditure,8,Parametric-TI,predicted_scale_quintile,3,1044,0.870689655172414,41848.6683848394,0.111111111111111,0.0181992337164751
meps_expenditure,8,Parametric-TI,predicted_scale_quintile,4,1044,0.854406130268199,33929.2397379813,0.126436781609195,0.0191570881226054
meps_expenditure,8,Parametric-TI,predicted_scale_quintile,5,1044,0.833333333333333,16454.0791735194,0.119731800766284,0.0469348659003831
meps_expenditure,9,SR-TI,predicted_scale_quintile,1,1044,0.807471264367816,75653.7990191722,0.123563218390805,0.0689655172413793
meps_expenditure,9,SR-TI,predicted_scale_quintile,2,1044,0.908045977011494,81776.5389037807,0.0871647509578544,0.00478927203065134
meps_expenditure,9,SR-TI,predicted_scale_quintile,3,1044,0.920498084291188,118159.722934028,0.0699233716475096,0.00957854406130268
meps_expenditure,9,SR-TI,predicted_scale_quintile,4,1044,0.96551724137931,151777.799144102,0.0335249042145594,0.000957854406130268
meps_expenditure,9,SR-TI,predicted_scale_quintile,5,1044,0.998084291187739,180159.76683934,0.000957854406130268,0.000957854406130268
meps_expenditure,9,ASR-TI,predicted_scale_quintile,1,1044,0.807471264367816,75653.7990191722,0.123563218390805,0.0689655172413793
meps_expenditure,9,ASR-TI,predicted_scale_quintile,2,1044,0.908045977011494,81776.5389037807,0.0871647509578544,0.00478927203065134
meps_expenditure,9,ASR-TI,predicted_scale_quintile,3,1044,0.920498084291188,118159.722934028,0.0699233716475096,0.00957854406130268
meps_expenditure,9,ASR-TI,predicted_scale_quintile,4,1044,0.96551724137931,151777.799144102,0.0335249042145594,0.000957854406130268
meps_expenditure,9,ASR-TI,predicted_scale_quintile,5,1044,0.998084291187739,180159.76683934,0.000957854406130268,0.000957854406130268
meps_expenditure,9,CQR-TI,predicted_scale_quintile,1,1044,0.923371647509579,29415.6567043314,0.0210727969348659,0.0555555555555556
meps_expenditure,9,CQR-TI,predicted_scale_quintile,2,1044,0.923371647509579,10689.5499343923,0.0153256704980843,0.0613026819923372
meps_expenditure,9,CQR-TI,predicted_scale_quintile,3,1044,0.901340996168582,10581.7028623856,0.0210727969348659,0.0775862068965517
meps_expenditure,9,CQR-TI,predicted_scale_quintile,4,1044,0.89367816091954,10004.0599810614,0.0507662835249042,0.0555555555555556
meps_expenditure,9,CQR-TI,predicted_scale_quintile,5,1044,0.92816091954023,8562.72089169544,0.0431034482758621,0.028735632183908
meps_expenditure,9,Parametric-TI,predicted_scale_quintile,1,1044,0.955938697318008,473766.078219915,0.0431034482758621,0.000957854406130268
meps_expenditure,9,Parametric-TI,predicted_scale_quintile,2,1044,0.918582375478927,90977.1740685166,0.0804597701149425,0.000957854406130268
meps_expenditure,9,Parametric-TI,predicted_scale_quintile,3,1044,0.878352490421456,69414.1538237529,0.10727969348659,0.014367816091954
meps_expenditure,9,Parametric-TI,predicted_scale_quintile,4,1044,0.887931034482759,45191.4214496376,0.0938697318007663,0.0181992337164751
meps_expenditure,9,Parametric-TI,predicted_scale_quintile,5,1044,0.897509578544061,20801.1857775919,0.068007662835249,0.0344827586206897
meps_expenditure,10,SR-TI,predicted_scale_quintile,1,1044,0.864942528735632,96687.2794686914,0.0948275862068965,0.0402298850574713
meps_expenditure,10,SR-TI,predicted_scale_quintile,2,1044,0.917624521072797,101646.629558859,0.078544061302682,0.00383141762452107
meps_expenditure,10,SR-TI,predicted_scale_quintile,3,1044,0.923371647509579,87796.5297743135,0.0708812260536399,0.00574712643678161
meps_expenditure,10,SR-TI,predicted_scale_quintile,4,1044,0.955938697318008,103291.918857639,0.0383141762452107,0.00574712643678161
meps_expenditure,10,SR-TI,predicted_scale_quintile,5,1044,0.987547892720307,119000.754915602,0.00670498084291188,0.00574712643678161
meps_expenditure,10,ASR-TI,predicted_scale_quintile,1,1044,0.864942528735632,96687.2794686914,0.0948275862068965,0.0402298850574713
meps_expenditure,10,ASR-TI,predicted_scale_quintile,2,1044,0.917624521072797,101646.629558859,0.078544061302682,0.00383141762452107
meps_expenditure,10,ASR-TI,predicted_scale_quintile,3,1044,0.923371647509579,87796.5297743135,0.0708812260536399,0.00574712643678161
meps_expenditure,10,ASR-TI,predicted_scale_quintile,4,1044,0.955938697318008,103291.918857639,0.0383141762452107,0.00574712643678161
meps_expenditure,10,ASR-TI,predicted_scale_quintile,5,1044,0.987547892720307,119000.754915602,0.00670498084291188,0.00574712643678161
meps_expenditure,10,CQR-TI,predicted_scale_quintile,1,1044,0.939655172413793,34286.7260349093,0.014367816091954,0.0459770114942529
meps_expenditure,10,CQR-TI,predicted_scale_quintile,2,1044,0.93007662835249,14475.0934313951,0.0210727969348659,0.0488505747126437
meps_expenditure,10,CQR-TI,predicted_scale_quintile,3,1044,0.926245210727969,10184.2341377165,0.0210727969348659,0.0526819923371648
meps_expenditure,10,CQR-TI,predicted_scale_quintile,4,1044,0.931034482758621,9688.71294058104,0.0229885057471264,0.0459770114942529
meps_expenditure,10,CQR-TI,predicted_scale_quintile,5,1044,0.924329501915709,8295.73719965433,0.0258620689655172,0.0498084291187739
meps_expenditure,10,Parametric-TI,predicted_scale_quintile,1,1044,0.973180076628353,450999.559417778,0.0268199233716475,0
meps_expenditure,10,Parametric-TI,predicted_scale_quintile,2,1044,0.913793103448276,100285.299966816,0.0804597701149425,0.00574712643678161
meps_expenditure,10,Parametric-TI,predicted_scale_quintile,3,1044,0.871647509578544,49460.036377918,0.116858237547893,0.0114942528735632
meps_expenditure,10,Parametric-TI,predicted_scale_quintile,4,1044,0.869731800766284,34508.5743256391,0.10727969348659,0.0229885057471264
meps_expenditure,10,Parametric-TI,predicted_scale_quintile,5,1044,0.850574712643678,18807.1878513098,0.104406130268199,0.0450191570881226
meps_expenditure,11,SR-TI,predicted_scale_quintile,1,1044,0.78639846743295,69090.1963210491,0.122605363984674,0.0909961685823755
meps_expenditure,11,SR-TI,predicted_scale_quintile,2,1044,0.883141762452107,88839.7921500646,0.110153256704981,0.00670498084291188
meps_expenditure,11,SR-TI,predicted_scale_quintile,3,1044,0.9272030651341,80797.8913161714,0.0632183908045977,0.00957854406130268
meps_expenditure,11,SR-TI,predicted_scale_quintile,4,1044,0.968390804597701,97141.4464722852,0.0277777777777778,0.00383141762452107
meps_expenditure,11,SR-TI,predicted_scale_quintile,5,1044,0.989463601532567,101388.01550133,0.00383141762452107,0.00670498084291188
meps_expenditure,11,ASR-TI,predicted_scale_quintile,1,1044,0.78639846743295,69090.1963210491,0.122605363984674,0.0909961685823755
meps_expenditure,11,ASR-TI,predicted_scale_quintile,2,1044,0.883141762452107,88839.7921500646,0.110153256704981,0.00670498084291188
meps_expenditure,11,ASR-TI,predicted_scale_quintile,3,1044,0.9272030651341,80797.8913161714,0.0632183908045977,0.00957854406130268
meps_expenditure,11,ASR-TI,predicted_scale_quintile,4,1044,0.968390804597701,97141.4464722852,0.0277777777777778,0.00383141762452107
meps_expenditure,11,ASR-TI,predicted_scale_quintile,5,1044,0.989463601532567,101388.01550133,0.00383141762452107,0.00670498084291188
meps_expenditure,11,CQR-TI,predicted_scale_quintile,1,1044,0.889846743295019,32292.6979834292,0.0373563218390805,0.0727969348659004
meps_expenditure,11,CQR-TI,predicted_scale_quintile,2,1044,0.914750957854406,13516.1683218123,0.0325670498084291,0.0526819923371648
meps_expenditure,11,CQR-TI,predicted_scale_quintile,3,1044,0.912835249042146,9325.35316220964,0.024904214559387,0.0622605363984674
meps_expenditure,11,CQR-TI,predicted_scale_quintile,4,1044,0.93007662835249,8730.67325496751,0.0172413793103448,0.0526819923371648
meps_expenditure,11,CQR-TI,predicted_scale_quintile,5,1044,0.950191570881226,7332.8682405138,0.00670498084291188,0.0431034482758621
meps_expenditure,11,Parametric-TI,predicted_scale_quintile,1,1044,0.967432950191571,369379.915916536,0.0325670498084291,0
meps_expenditure,11,Parametric-TI,predicted_scale_quintile,2,1044,0.882183908045977,86905.6304777478,0.110153256704981,0.00766283524904215
meps_expenditure,11,Parametric-TI,predicted_scale_quintile,3,1044,0.876436781609195,40195.820535633,0.10727969348659,0.0162835249042146
meps_expenditure,11,Parametric-TI,predicted_scale_quintile,4,1044,0.838122605363985,27739.7803675179,0.135057471264368,0.0268199233716475
meps_expenditure,11,Parametric-TI,predicted_scale_quintile,5,1044,0.85632183908046,13393.773165393,0.0977011494252874,0.0459770114942529
meps_expenditure,12,SR-TI,predicted_scale_quintile,1,1044,0.931034482758621,98666.0431345894,0.053639846743295,0.0153256704980843
meps_expenditure,12,SR-TI,predicted_scale_quintile,2,1044,0.908045977011494,66895.2721974878,0.0862068965517242,0.00574712643678161
meps_expenditure,12,SR-TI,predicted_scale_quintile,3,1044,0.905172413793103,53883.3973083948,0.0862068965517242,0.00862068965517241
meps_expenditure,12,SR-TI,predicted_scale_quintile,4,1044,0.92816091954023,64641.2850229672,0.0613026819923372,0.010536398467433
meps_expenditure,12,SR-TI,predicted_scale_quintile,5,1044,0.980842911877395,42389.6196353626,0.0114942528735632,0.00766283524904215
meps_expenditure,12,ASR-TI,predicted_scale_quintile,1,1044,0.931034482758621,81521.0687208208,0.0507662835249042,0.0181992337164751
meps_expenditure,12,ASR-TI,predicted_scale_quintile,2,1044,0.912835249042146,52056.6493921654,0.0775862068965517,0.00957854406130268
meps_expenditure,12,ASR-TI,predicted_scale_quintile,3,1044,0.914750957854406,40761.626630936,0.0756704980842912,0.00957854406130268
meps_expenditure,12,ASR-TI,predicted_scale_quintile,4,1044,0.926245210727969,47413.7303139777,0.0565134099616858,0.0172413793103448
meps_expenditure,12,ASR-TI,predicted_scale_quintile,5,1044,0.978927203065134,29734.0454171869,0.00574712643678161,0.0153256704980843
meps_expenditure,12,CQR-TI,predicted_scale_quintile,1,1044,0.905172413793103,27483.8472476913,0.014367816091954,0.0804597701149425
meps_expenditure,12,CQR-TI,predicted_scale_quintile,2,1044,0.923371647509579,11590.5297209545,0.010536398467433,0.0660919540229885
meps_expenditure,12,CQR-TI,predicted_scale_quintile,3,1044,0.93007662835249,8609.47270876565,0.0201149425287356,0.0498084291187739
meps_expenditure,12,CQR-TI,predicted_scale_quintile,4,1044,0.907088122605364,8863.93331229778,0.0220306513409962,0.0708812260536399
meps_expenditure,12,CQR-TI,predicted_scale_quintile,5,1044,0.941570881226054,6508.94224883466,0.00957854406130268,0.0488505747126437
meps_expenditure,12,Parametric-TI,predicted_scale_quintile,1,1044,0.959770114942529,322308.576914116,0.0354406130268199,0.00478927203065134
meps_expenditure,12,Parametric-TI,predicted_scale_quintile,2,1044,0.900383141762452,69552.6767870712,0.092911877394636,0.00670498084291188
meps_expenditure,12,Parametric-TI,predicted_scale_quintile,3,1044,0.863026819923372,35062.9185890064,0.121647509578544,0.0153256704980843
meps_expenditure,12,Parametric-TI,predicted_scale_quintile,4,1044,0.837164750957854,25698.6602662069,0.129310344827586,0.0335249042145594
meps_expenditure,12,Parametric-TI,predicted_scale_quintile,5,1044,0.82088122605364,8275.03369745043,0.118773946360153,0.0603448275862069
meps_expenditure,13,SR-TI,predicted_scale_quintile,1,1044,0.883141762452107,79259.2591485746,0.0756704980842912,0.0411877394636015
meps_expenditure,13,SR-TI,predicted_scale_quintile,2,1044,0.905172413793103,64340.7057294086,0.089080459770115,0.00574712643678161
meps_expenditure,13,SR-TI,predicted_scale_quintile,3,1044,0.873563218390805,50318.435494136,0.120689655172414,0.00574712643678161
meps_expenditure,13,SR-TI,predicted_scale_quintile,4,1044,0.932950191570881,53903.108170106,0.0545977011494253,0.0124521072796935
meps_expenditure,13,SR-TI,predicted_scale_quintile,5,1044,0.970306513409962,63445.8469229022,0.0162835249042146,0.0134099616858238
meps_expenditure,13,ASR-TI,predicted_scale_quintile,1,1044,0.862068965517241,45707.2705723959,0.0660919540229885,0.0718390804597701
meps_expenditure,13,ASR-TI,predicted_scale_quintile,2,1044,0.904214559386973,29934.0234197695,0.0756704980842912,0.0201149425287356
meps_expenditure,13,ASR-TI,predicted_scale_quintile,3,1044,0.905172413793103,21475.8532757146,0.0660919540229885,0.028735632183908
meps_expenditure,13,ASR-TI,predicted_scale_quintile,4,1044,0.943486590038314,21022.4161400537,0.0239463601532567,0.0325670498084291
meps_expenditure,13,ASR-TI,predicted_scale_quintile,5,1044,0.955938697318008,21787.2441926391,0.00670498084291188,0.0373563218390805
meps_expenditure,13,CQR-TI,predicted_scale_quintile,1,1044,0.889846743295019,31456.7682669627,0.0306513409961686,0.0795019157088123
meps_expenditure,13,CQR-TI,predicted_scale_quintile,2,1044,0.916666666666667,11926.6690002869,0.0268199233716475,0.0565134099616858
meps_expenditure,13,CQR-TI,predicted_scale_quintile,3,1044,0.926245210727969,9149.08517280636,0.0239463601532567,0.0498084291187739
meps_expenditure,13,CQR-TI,predicted_scale_quintile,4,1044,0.934865900383142,8247.81408581069,0.024904214559387,0.0402298850574713
meps_expenditure,13,CQR-TI,predicted_scale_quintile,5,1044,0.931992337164751,6938.25345057851,0.00957854406130268,0.0584291187739464
meps_expenditure,13,Parametric-TI,predicted_scale_quintile,1,1044,0.971264367816092,376808.847198414,0.024904214559387,0.00383141762452107
meps_expenditure,13,Parametric-TI,predicted_scale_quintile,2,1044,0.907088122605364,71815.455923542,0.0881226053639847,0.00478927203065134
meps_expenditure,13,Parametric-TI,predicted_scale_quintile,3,1044,0.831417624521073,34909.5800232841,0.153256704980843,0.0153256704980843
meps_expenditure,13,Parametric-TI,predicted_scale_quintile,4,1044,0.850574712643678,22941.4925759433,0.116858237547893,0.0325670498084291
meps_expenditure,13,Parametric-TI,predicted_scale_quintile,5,1044,0.838122605363985,13950.4208610626,0.10823754789272,0.053639846743295
meps_expenditure,14,SR-TI,predicted_scale_quintile,1,1044,0.815134099616858,82170.9097898658,0.122605363984674,0.0622605363984674
meps_expenditure,14,SR-TI,predicted_scale_quintile,2,1044,0.895593869731801,103458.671586932,0.0967432950191571,0.00766283524904215
meps_expenditure,14,SR-TI,predicted_scale_quintile,3,1044,0.920498084291188,114366.599975485,0.0718390804597701,0.00766283524904215
meps_expenditure,14,SR-TI,predicted_scale_quintile,4,1044,0.961685823754789,107577.689991079,0.0296934865900383,0.00862068965517241
meps_expenditure,14,SR-TI,predicted_scale_quintile,5,1044,0.986590038314176,145686.48410904,0.00766283524904215,0.00574712643678161
meps_expenditure,14,ASR-TI,predicted_scale_quintile,1,1044,0.815134099616858,82170.9097898658,0.122605363984674,0.0622605363984674
meps_expenditure,14,ASR-TI,predicted_scale_quintile,2,1044,0.895593869731801,103458.671586932,0.0967432950191571,0.00766283524904215
meps_expenditure,14,ASR-TI,predicted_scale_quintile,3,1044,0.920498084291188,114366.599975485,0.0718390804597701,0.00766283524904215
meps_expenditure,14,ASR-TI,predicted_scale_quintile,4,1044,0.961685823754789,107577.689991079,0.0296934865900383,0.00862068965517241
meps_expenditure,14,ASR-TI,predicted_scale_quintile,5,1044,0.986590038314176,145686.48410904,0.00766283524904215,0.00574712643678161
meps_expenditure,14,CQR-TI,predicted_scale_quintile,1,1044,0.899425287356322,26732.9123921368,0.024904214559387,0.0756704980842912
meps_expenditure,14,CQR-TI,predicted_scale_quintile,2,1044,0.924329501915709,13348.4678974796,0.0229885057471264,0.0526819923371648
meps_expenditure,14,CQR-TI,predicted_scale_quintile,3,1044,0.909961685823755,11737.8756681913,0.0316091954022989,0.0584291187739464
meps_expenditure,14,CQR-TI,predicted_scale_quintile,4,1044,0.921455938697318,9952.50496900813,0.028735632183908,0.0498084291187739
meps_expenditure,14,CQR-TI,predicted_scale_quintile,5,1044,0.925287356321839,9856.4723762505,0.0296934865900383,0.0450191570881226
meps_expenditure,14,Parametric-TI,predicted_scale_quintile,1,1044,0.954022988505747,382675.111276673,0.0440613026819923,0.00191570881226054
meps_expenditure,14,Parametric-TI,predicted_scale_quintile,2,1044,0.89272030651341,108162.225653978,0.0996168582375479,0.00766283524904215
meps_expenditure,14,Parametric-TI,predicted_scale_quintile,3,1044,0.849616858237548,64929.4029322401,0.127394636015326,0.0229885057471264
meps_expenditure,14,Parametric-TI,predicted_scale_quintile,4,1044,0.864942528735632,37364.9111592133,0.10823754789272,0.0268199233716475
meps_expenditure,14,Parametric-TI,predicted_scale_quintile,5,1044,0.865900383141763,24697.5572364826,0.0967432950191571,0.0373563218390805
meps_expenditure,15,SR-TI,predicted_scale_quintile,1,1044,0.865900383141763,93061.9057385563,0.0957854406130268,0.0383141762452107
meps_expenditure,15,SR-TI,predicted_scale_quintile,2,1044,0.899425287356322,91760.2238729567,0.0938697318007663,0.00670498084291188
meps_expenditure,15,SR-TI,predicted_scale_quintile,3,1044,0.906130268199234,71413.3747338968,0.0842911877394636,0.00957854406130268
meps_expenditure,15,SR-TI,predicted_scale_quintile,4,1044,0.933908045977011,82176.3065278241,0.0593869731800766,0.00670498084291188
meps_expenditure,15,SR-TI,predicted_scale_quintile,5,1044,0.978927203065134,97074.680971908,0.0124521072796935,0.00862068965517241
meps_expenditure,15,ASR-TI,predicted_scale_quintile,1,1044,0.860153256704981,68885.2247900317,0.0909961685823755,0.0488505747126437
meps_expenditure,15,ASR-TI,predicted_scale_quintile,2,1044,0.895593869731801,61582.2909962668,0.089080459770115,0.0153256704980843
meps_expenditure,15,ASR-TI,predicted_scale_quintile,3,1044,0.916666666666667,45542.3093575884,0.064176245210728,0.0191570881226054
meps_expenditure,15,ASR-TI,predicted_scale_quintile,4,1044,0.940613026819923,50101.3050012816,0.0421455938697318,0.0172413793103448
meps_expenditure,15,ASR-TI,predicted_scale_quintile,5,1044,0.977011494252874,55330.8765617617,0.00383141762452107,0.0191570881226054
meps_expenditure,15,CQR-TI,predicted_scale_quintile,1,1044,0.886015325670498,28064.8378427734,0.0325670498084291,0.0814176245210728
meps_expenditure,15,CQR-TI,predicted_scale_quintile,2,1044,0.905172413793103,12354.7779817533,0.0258620689655172,0.0689655172413793
meps_expenditure,15,CQR-TI,predicted_scale_quintile,3,1044,0.923371647509579,9133.97401113919,0.0268199233716475,0.0498084291187739
meps_expenditure,15,CQR-TI,predicted_scale_quintile,4,1044,0.92816091954023,8907.75301632572,0.0277777777777778,0.0440613026819923
meps_expenditure,15,CQR-TI,predicted_scale_quintile,5,1044,0.940613026819923,7956.85734305758,0.010536398467433,0.0488505747126437
meps_expenditure,15,Parametric-TI,predicted_scale_quintile,1,1044,0.969348659003831,368486.278876729,0.028735632183908,0.00191570881226054
meps_expenditure,15,Parametric-TI,predicted_scale_quintile,2,1044,0.89367816091954,85770.0140210536,0.0967432950191571,0.00957854406130268
meps_expenditure,15,Parametric-TI,predicted_scale_quintile,3,1044,0.842911877394636,38201.1207945314,0.135057471264368,0.0220306513409962
meps_expenditure,15,Parametric-TI,predicted_scale_quintile,4,1044,0.829501915708812,27173.0175485951,0.138888888888889,0.0316091954022989
meps_expenditure,15,Parametric-TI,predicted_scale_quintile,5,1044,0.838122605363985,16103.4162515477,0.10632183908046,0.0555555555555556
meps_expenditure,16,SR-TI,predicted_scale_quintile,1,1044,0.89367816091954,77173.7099575827,0.0718390804597701,0.0344827586206897
meps_expenditure,16,SR-TI,predicted_scale_quintile,2,1044,0.881226053639847,64492.8950485318,0.111111111111111,0.00766283524904215
meps_expenditure,16,SR-TI,predicted_scale_quintile,3,1044,0.89176245210728,56339.7323590083,0.100574712643678,0.00766283524904215
meps_expenditure,16,SR-TI,predicted_scale_quintile,4,1044,0.93007662835249,69994.5824796847,0.0584291187739464,0.0114942528735632
meps_expenditure,16,SR-TI,predicted_scale_quintile,5,1044,0.991379310344828,50396.7041188236,0.00383141762452107,0.00478927203065134
meps_expenditure,16,ASR-TI,predicted_scale_quintile,1,1044,0.880268199233717,43132.3517268155,0.0593869731800766,0.0603448275862069
meps_expenditure,16,ASR-TI,predicted_scale_quintile,2,1044,0.878352490421456,28377.012021177,0.0948275862068965,0.0268199233716475
meps_expenditure,16,ASR-TI,predicted_scale_quintile,3,1044,0.918582375478927,21859.5790580846,0.0517241379310345,0.0296934865900383
meps_expenditure,16,ASR-TI,predicted_scale_quintile,4,1044,0.946360153256705,23938.3383461552,0.0134099616858238,0.0402298850574713
meps_expenditure,16,ASR-TI,predicted_scale_quintile,5,1044,0.969348659003831,14508.4439571964,0.000957854406130268,0.0296934865900383
meps_expenditure,16,CQR-TI,predicted_scale_quintile,1,1044,0.916666666666667,32552.0301808615,0.0210727969348659,0.0622605363984674
meps_expenditure,16,CQR-TI,predicted_scale_quintile,2,1044,0.911877394636015,13121.0975313531,0.0363984674329502,0.0517241379310345
meps_expenditure,16,CQR-TI,predicted_scale_quintile,3,1044,0.915708812260536,8948.32363338184,0.0268199233716475,0.0574712643678161
meps_expenditure,16,CQR-TI,predicted_scale_quintile,4,1044,0.89176245210728,9155.59068616995,0.0373563218390805,0.0708812260536399
meps_expenditure,16,CQR-TI,predicted_scale_quintile,5,1044,0.948275862068965,6193.16609795668,0.00957854406130268,0.0421455938697318
meps_expenditure,16,Parametric-TI,predicted_scale_quintile,1,1044,0.972222222222222,461220.939721218,0.0268199233716475,0.000957854406130268
meps_expenditure,16,Parametric-TI,predicted_scale_quintile,2,1044,0.883141762452107,93887.4285560004,0.110153256704981,0.00670498084291188
meps_expenditure,16,Parametric-TI,predicted_scale_quintile,3,1044,0.876436781609195,44152.5556812099,0.112068965517241,0.0114942528735632
meps_expenditure,16,Parametric-TI,predicted_scale_quintile,4,1044,0.830459770114943,30042.2832278433,0.14367816091954,0.0258620689655172
meps_expenditure,16,Parametric-TI,predicted_scale_quintile,5,1044,0.878352490421456,9562.97004311254,0.078544061302682,0.0431034482758621
meps_expenditure,17,SR-TI,predicted_scale_quintile,1,1044,0.860153256704981,84580.8941109775,0.0842911877394636,0.0555555555555556
meps_expenditure,17,SR-TI,predicted_scale_quintile,2,1044,0.89272030651341,83455.5724121465,0.0996168582375479,0.00766283524904215
meps_expenditure,17,SR-TI,predicted_scale_quintile,3,1044,0.921455938697318,77705.3194312632,0.0727969348659004,0.00574712643678161
meps_expenditure,17,SR-TI,predicted_scale_quintile,4,1044,0.941570881226054,99386.1855560927,0.0488505747126437,0.00957854406130268
meps_expenditure,17,SR-TI,predicted_scale_quintile,5,1044,0.987547892720307,128706.393237156,0.00957854406130268,0.0028735632183908
meps_expenditure,17,ASR-TI,predicted_scale_quintile,1,1044,0.840996168582375,54789.6102875251,0.0814176245210728,0.0775862068965517
meps_expenditure,17,ASR-TI,predicted_scale_quintile,2,1044,0.889846743295019,46793.166163642,0.092911877394636,0.0172413793103448
meps_expenditure,17,ASR-TI,predicted_scale_quintile,3,1044,0.922413793103448,40646.4399815752,0.0574712643678161,0.0201149425287356
meps_expenditure,17,ASR-TI,predicted_scale_quintile,4,1044,0.940613026819923,48506.5019032564,0.0344827586206897,0.024904214559387
meps_expenditure,17,ASR-TI,predicted_scale_quintile,5,1044,0.979885057471264,55970.0126911375,0.00478927203065134,0.0153256704980843
meps_expenditure,17,CQR-TI,predicted_scale_quintile,1,1044,0.915708812260536,27763.8858622675,0.010536398467433,0.0737547892720307
meps_expenditure,17,CQR-TI,predicted_scale_quintile,2,1044,0.902298850574713,12205.5095557729,0.0277777777777778,0.0699233716475096
meps_expenditure,17,CQR-TI,predicted_scale_quintile,3,1044,0.92816091954023,8927.27849173494,0.0191570881226054,0.0526819923371648
meps_expenditure,17,CQR-TI,predicted_scale_quintile,4,1044,0.92816091954023,9090.00121770723,0.0201149425287356,0.0517241379310345
meps_expenditure,17,CQR-TI,predicted_scale_quintile,5,1044,0.950191570881226,8176.58720894871,0.00766283524904215,0.0421455938697318
meps_expenditure,17,Parametric-TI,predicted_scale_quintile,1,1044,0.96455938697318,360166.091567543,0.0306513409961686,0.00478927203065134
meps_expenditure,17,Parametric-TI,predicted_scale_quintile,2,1044,0.894636015325671,86328.0562475432,0.0996168582375479,0.00574712643678161
meps_expenditure,17,Parametric-TI,predicted_scale_quintile,3,1044,0.85536398467433,47157.2910263435,0.125478927203065,0.0191570881226054
meps_expenditure,17,Parametric-TI,predicted_scale_quintile,4,1044,0.840996168582375,36199.5092284636,0.127394636015326,0.0316091954022989
meps_expenditure,17,Parametric-TI,predicted_scale_quintile,5,1044,0.877394636015326,21280.9062419788,0.0804597701149425,0.0421455938697318
meps_expenditure,18,SR-TI,predicted_scale_quintile,1,1044,0.897509578544061,79362.8859009197,0.068007662835249,0.0344827586206897
meps_expenditure,18,SR-TI,predicted_scale_quintile,2,1044,0.885057471264368,72895.060407395,0.0996168582375479,0.0153256704980843
meps_expenditure,18,SR-TI,predicted_scale_quintile,3,1044,0.89272030651341,112283.166994992,0.092911877394636,0.014367816091954
meps_expenditure,18,SR-TI,predicted_scale_quintile,4,1044,0.951149425287356,101056.067404719,0.0411877394636015,0.00766283524904215
meps_expenditure,18,SR-TI,predicted_scale_quintile,5,1044,0.969348659003831,122789.899766698,0.0201149425287356,0.010536398467433
meps_expenditure,18,ASR-TI,predicted_scale_quintile,1,1044,0.887931034482759,51284.2185213419,0.0613026819923372,0.0507662835249042
meps_expenditure,18,ASR-TI,predicted_scale_quintile,2,1044,0.89272030651341,41611.364994976,0.0747126436781609,0.0325670498084291
meps_expenditure,18,ASR-TI,predicted_scale_quintile,3,1044,0.919540229885057,59611.4399618219,0.0593869731800766,0.0210727969348659
meps_expenditure,18,ASR-TI,predicted_scale_quintile,4,1044,0.954022988505747,49875.9216472858,0.0220306513409962,0.0239463601532567
meps_expenditure,18,ASR-TI,predicted_scale_quintile,5,1044,0.96551724137931,55282.6426368828,0.00670498084291188,0.0277777777777778
meps_expenditure,18,CQR-TI,predicted_scale_quintile,1,1044,0.910919540229885,24401.0053626713,0.024904214559387,0.064176245210728
meps_expenditure,18,CQR-TI,predicted_scale_quintile,2,1044,0.924329501915709,11280.8756489809,0.014367816091954,0.0613026819923372
meps_expenditure,18,CQR-TI,predicted_scale_quintile,3,1044,0.917624521072797,12040.6688053626,0.0162835249042146,0.0660919540229885
meps_expenditure,18,CQR-TI,predicted_scale_quintile,4,1044,0.9272030651341,10416.5481488464,0.0210727969348659,0.0517241379310345
meps_expenditure,18,CQR-TI,predicted_scale_quintile,5,1044,0.937739463601533,8479.16820630629,0.0181992337164751,0.0440613026819923
meps_expenditure,18,Parametric-TI,predicted_scale_quintile,1,1044,0.955938697318008,334943.528121737,0.0402298850574713,0.00383141762452107
meps_expenditure,18,Parametric-TI,predicted_scale_quintile,2,1044,0.898467432950192,93242.2725457193,0.092911877394636,0.00862068965517241
meps_expenditure,18,Parametric-TI,predicted_scale_quintile,3,1044,0.864942528735632,83938.3524802778,0.117816091954023,0.0172413793103448
meps_expenditure,18,Parametric-TI,predicted_scale_quintile,4,1044,0.874521072796935,43966.0049194229,0.0957854406130268,0.0296934865900383
meps_expenditure,18,Parametric-TI,predicted_scale_quintile,5,1044,0.863026819923372,28069.6229720625,0.0900383141762452,0.0469348659003831
meps_expenditure,19,SR-TI,predicted_scale_quintile,1,1044,0.884099616858238,81614.5349706594,0.078544061302682,0.0373563218390805
meps_expenditure,19,SR-TI,predicted_scale_quintile,2,1044,0.900383141762452,80273.8032989676,0.0909961685823755,0.00862068965517241
meps_expenditure,19,SR-TI,predicted_scale_quintile,3,1044,0.884099616858238,61595.6096701103,0.10632183908046,0.00957854406130268
meps_expenditure,19,SR-TI,predicted_scale_quintile,4,1044,0.93007662835249,75130.8406879509,0.0545977011494253,0.0153256704980843
meps_expenditure,19,SR-TI,predicted_scale_quintile,5,1044,0.985632183908046,75676.2732871541,0.00670498084291188,0.00766283524904215
meps_expenditure,19,ASR-TI,predicted_scale_quintile,1,1044,0.863984674329502,45501.2358516203,0.0737547892720307,0.0622605363984674
meps_expenditure,19,ASR-TI,predicted_scale_quintile,2,1044,0.896551724137931,36770.2732257923,0.0718390804597701,0.0316091954022989
meps_expenditure,19,ASR-TI,predicted_scale_quintile,3,1044,0.917624521072797,25669.8963090237,0.0488505747126437,0.0335249042145594
meps_expenditure,19,ASR-TI,predicted_scale_quintile,4,1044,0.942528735632184,28702.8124669528,0.0162835249042146,0.0411877394636015
meps_expenditure,19,ASR-TI,predicted_scale_quintile,5,1044,0.972222222222222,25069.6807512305,0.000957854406130268,0.0268199233716475
meps_expenditure,19,CQR-TI,predicted_scale_quintile,1,1044,0.915708812260536,29265.9822031593,0.0191570881226054,0.0651340996168582
meps_expenditure,19,CQR-TI,predicted_scale_quintile,2,1044,0.905172413793103,13215.5803599016,0.0172413793103448,0.0775862068965517
meps_expenditure,19,CQR-TI,predicted_scale_quintile,3,1044,0.921455938697318,8959.20217997435,0.0239463601532567,0.0545977011494253
meps_expenditure,19,CQR-TI,predicted_scale_quintile,4,1044,0.92911877394636,8886.26325338854,0.0191570881226054,0.0517241379310345
meps_expenditure,19,CQR-TI,predicted_scale_quintile,5,1044,0.936781609195402,7206.72165513192,0.0162835249042146,0.0469348659003831
meps_expenditure,19,Parametric-TI,predicted_scale_quintile,1,1044,0.952107279693487,308922.779742349,0.0421455938697318,0.00574712643678161
meps_expenditure,19,Parametric-TI,predicted_scale_quintile,2,1044,0.900383141762452,80719.8092366229,0.0900383141762452,0.00957854406130268
meps_expenditure,19,Parametric-TI,predicted_scale_quintile,3,1044,0.851532567049808,37277.7500738287,0.129310344827586,0.0191570881226054
meps_expenditure,19,Parametric-TI,predicted_scale_quintile,4,1044,0.810344827586207,28810.5339025206,0.151340996168582,0.0383141762452107
meps_expenditure,19,Parametric-TI,predicted_scale_quintile,5,1044,0.846743295019157,14159.1722392946,0.10632183908046,0.0469348659003831
meps_expenditure,20,SR-TI,predicted_scale_quintile,1,1044,0.851532567049808,80738.4028193675,0.0967432950191571,0.0517241379310345
meps_expenditure,20,SR-TI,predicted_scale_quintile,2,1044,0.899425287356322,99808.8939726862,0.0842911877394636,0.0162835249042146
meps_expenditure,20,SR-TI,predicted_scale_quintile,3,1044,0.920498084291188,91929.7771250522,0.068007662835249,0.0114942528735632
meps_expenditure,20,SR-TI,predicted_scale_quintile,4,1044,0.950191570881226,78052.2299322205,0.0402298850574713,0.00957854406130268
meps_expenditure,20,SR-TI,predicted_scale_quintile,5,1044,0.975095785440613,113922.48053346,0.0181992337164751,0.00670498084291188
meps_expenditure,20,ASR-TI,predicted_scale_quintile,1,1044,0.851532567049808,80738.4028193675,0.0967432950191571,0.0517241379310345
meps_expenditure,20,ASR-TI,predicted_scale_quintile,2,1044,0.899425287356322,99808.8939726862,0.0842911877394636,0.0162835249042146
meps_expenditure,20,ASR-TI,predicted_scale_quintile,3,1044,0.920498084291188,91929.7771250522,0.068007662835249,0.0114942528735632
meps_expenditure,20,ASR-TI,predicted_scale_quintile,4,1044,0.950191570881226,78052.2299322205,0.0402298850574713,0.00957854406130268
meps_expenditure,20,ASR-TI,predicted_scale_quintile,5,1044,0.975095785440613,113922.48053346,0.0181992337164751,0.00670498084291188
meps_expenditure,20,CQR-TI,predicted_scale_quintile,1,1044,0.917624521072797,29385.4779508705,0.0210727969348659,0.0613026819923372
meps_expenditure,20,CQR-TI,predicted_scale_quintile,2,1044,0.888888888888889,13285.6558783636,0.0411877394636015,0.0699233716475096
meps_expenditure,20,CQR-TI,predicted_scale_quintile,3,1044,0.921455938697318,10034.7019738092,0.0220306513409962,0.0565134099616858
meps_expenditure,20,CQR-TI,predicted_scale_quintile,4,1044,0.931992337164751,8877.34092837259,0.0191570881226054,0.0488505747126437
meps_expenditure,20,CQR-TI,predicted_scale_quintile,5,1044,0.918582375478927,9188.03062951054,0.0373563218390805,0.0440613026819923
meps_expenditure,20,Parametric-TI,predicted_scale_quintile,1,1044,0.947318007662835,342042.327355035,0.0478927203065134,0.00478927203065134
meps_expenditure,20,Parametric-TI,predicted_scale_quintile,2,1044,0.888888888888889,88811.1855130038,0.0957854406130268,0.0153256704980843
meps_expenditure,20,Parametric-TI,predicted_scale_quintile,3,1044,0.859195402298851,48866.4003030589,0.123563218390805,0.0172413793103448
meps_expenditure,20,Parametric-TI,predicted_scale_quintile,4,1044,0.849616858237548,28122.7830854132,0.116858237547893,0.0335249042145594
meps_expenditure,20,Parametric-TI,predicted_scale_quintile,5,1044,0.850574712643678,23154.2250742485,0.120689655172414,0.028735632183908
meps_utilization,1,SR-TI,predicted_scale_quintile,1,1044,0.881226053639847,6.380571657928,0.0402298850574713,0.078544061302682
meps_utilization,1,SR-TI,predicted_scale_quintile,2,1044,0.923371647509579,9.7795603791819,0.024904214559387,0.0517241379310345
meps_utilization,1,SR-TI,predicted_scale_quintile,3,1044,0.926245210727969,13.1951603565157,0.0124521072796935,0.0613026819923372
meps_utilization,1,SR-TI,predicted_scale_quintile,4,1044,0.926245210727969,21.1602127586001,0.0191570881226054,0.0545977011494253
meps_utilization,1,SR-TI,predicted_scale_quintile,5,1044,0.931034482758621,114.196276760836,0.0181992337164751,0.0507662835249042
meps_utilization,1,ASR-TI,predicted_scale_quintile,1,1044,0.880268199233717,6.67153790661682,0.0459770114942529,0.0737547892720307
meps_utilization,1,ASR-TI,predicted_scale_quintile,2,1044,0.917624521072797,10.3116274037988,0.0354406130268199,0.0469348659003831
meps_utilization,1,ASR-TI,predicted_scale_quintile,3,1044,0.924329501915709,13.9837907774724,0.0201149425287356,0.0555555555555556
meps_utilization,1,ASR-TI,predicted_scale_quintile,4,1044,0.9272030651341,22.5605138874915,0.0229885057471264,0.0498084291187739
meps_utilization,1,ASR-TI,predicted_scale_quintile,5,1044,0.932950191570881,126.390128468844,0.024904214559387,0.0421455938697318
meps_utilization,1,CQR-TI,predicted_scale_quintile,1,1044,0.944444444444444,9.51365866798483,0.00383141762452107,0.0517241379310345
meps_utilization,1,CQR-TI,predicted_scale_quintile,2,1044,0.946360153256705,11.6900334450842,0.0028735632183908,0.0507662835249042
meps_utilization,1,CQR-TI,predicted_scale_quintile,3,1044,0.942528735632184,14.2801374748927,0.00383141762452107,0.053639846743295
meps_utilization,1,CQR-TI,predicted_scale_quintile,4,1044,0.931034482758621,20.0542383218715,0.00862068965517241,0.0603448275862069
meps_utilization,1,CQR-TI,predicted_scale_quintile,5,1044,0.908045977011494,71.2904886244824,0.014367816091954,0.0775862068965517
meps_utilization,1,Parametric-TI,predicted_scale_quintile,1,1044,0.956896551724138,11.5612174431516,0.00766283524904215,0.0354406130268199
meps_utilization,1,Parametric-TI,predicted_scale_quintile,2,1044,0.954980842911877,13.1151845300262,0.00862068965517241,0.0363984674329502
meps_utilization,1,Parametric-TI,predicted_scale_quintile,3,1044,0.943486590038314,15.0008014861618,0.00862068965517241,0.0478927203065134
meps_utilization,1,Parametric-TI,predicted_scale_quintile,4,1044,0.914750957854406,19.7558344597015,0.0239463601532567,0.0613026819923372
meps_utilization,1,Parametric-TI,predicted_scale_quintile,5,1044,0.82088122605364,44.2694744477953,0.0708812260536399,0.10823754789272
meps_utilization,2,SR-TI,predicted_scale_quintile,1,1044,0.905172413793103,7.21492386103456,0.0210727969348659,0.0737547892720307
meps_utilization,2,SR-TI,predicted_scale_quintile,2,1044,0.915708812260536,10.6206922291741,0.0277777777777778,0.0565134099616858
meps_utilization,2,SR-TI,predicted_scale_quintile,3,1044,0.937739463601533,13.4961232454612,0.0153256704980843,0.0469348659003831
meps_utilization,2,SR-TI,predicted_scale_quintile,4,1044,0.909961685823755,20.5538940854547,0.0172413793103448,0.0727969348659004
meps_utilization,2,SR-TI,predicted_scale_quintile,5,1044,0.921455938697318,86.1484983708961,0.0191570881226054,0.0593869731800766
meps_utilization,2,ASR-TI,predicted_scale_quintile,1,1044,0.904214559386973,7.4013746881109,0.024904214559387,0.0708812260536399
meps_utilization,2,ASR-TI,predicted_scale_quintile,2,1044,0.912835249042146,10.9332632455007,0.0325670498084291,0.0545977011494253
meps_utilization,2,ASR-TI,predicted_scale_quintile,3,1044,0.940613026819923,13.9240587931231,0.0153256704980843,0.0440613026819923
meps_utilization,2,ASR-TI,predicted_scale_quintile,4,1044,0.909961685823755,21.2584550927331,0.0191570881226054,0.0708812260536399
meps_utilization,2,ASR-TI,predicted_scale_quintile,5,1044,0.915708812260536,90.2104566286843,0.0277777777777778,0.0565134099616858
meps_utilization,2,CQR-TI,predicted_scale_quintile,1,1044,0.942528735632184,11.2160801485805,0.010536398467433,0.0469348659003831
meps_utilization,2,CQR-TI,predicted_scale_quintile,2,1044,0.944444444444444,13.0542331105989,0.00957854406130268,0.0459770114942529
meps_utilization,2,CQR-TI,predicted_scale_quintile,3,1044,0.952107279693487,14.8926224707962,0.0124521072796935,0.0354406130268199
meps_utilization,2,CQR-TI,predicted_scale_quintile,4,1044,0.901340996168582,19.8032981913894,0.0134099616858238,0.0852490421455939
meps_utilization,2,CQR-TI,predicted_scale_quintile,5,1044,0.877394636015326,66.1703923275707,0.024904214559387,0.0977011494252874
meps_utilization,2,Parametric-TI,predicted_scale_quintile,1,1044,0.951149425287356,10.7113324767929,0.00670498084291188,0.0421455938697318
meps_utilization,2,Parametric-TI,predicted_scale_quintile,2,1044,0.936781609195402,12.6323153279925,0.0181992337164751,0.0450191570881226
meps_utilization,2,Parametric-TI,predicted_scale_quintile,3,1044,0.942528735632184,14.0965440263335,0.0124521072796935,0.0450191570881226
meps_utilization,2,Parametric-TI,predicted_scale_quintile,4,1044,0.888888888888889,18.3209114271074,0.0268199233716475,0.0842911877394636
meps_utilization,2,Parametric-TI,predicted_scale_quintile,5,1044,0.833333333333333,43.1462152226997,0.0689655172413793,0.0977011494252874
meps_utilization,3,SR-TI,predicted_scale_quintile,1,1044,0.895593869731801,6.56610367211104,0.0277777777777778,0.0766283524904215
meps_utilization,3,SR-TI,predicted_scale_quintile,2,1044,0.9272030651341,8.84391790544586,0.010536398467433,0.0622605363984674
meps_utilization,3,SR-TI,predicted_scale_quintile,3,1044,0.910919540229885,12.9042785838083,0.0172413793103448,0.0718390804597701
meps_utilization,3,SR-TI,predicted_scale_quintile,4,1044,0.913793103448276,19.8861883865013,0.0181992337164751,0.068007662835249
meps_utilization,3,SR-TI,predicted_scale_quintile,5,1044,0.917624521072797,91.9832670033575,0.0229885057471264,0.0593869731800766
meps_utilization,3,ASR-TI,predicted_scale_quintile,1,1044,0.895593869731801,6.49677787195856,0.0268199233716475,0.0775862068965517
meps_utilization,3,ASR-TI,predicted_scale_quintile,2,1044,0.93007662835249,8.73379546692358,0.00766283524904215,0.0622605363984674
meps_utilization,3,ASR-TI,predicted_scale_quintile,3,1044,0.904214559386973,12.7343715782761,0.0172413793103448,0.078544061302682
meps_utilization,3,ASR-TI,predicted_scale_quintile,4,1044,0.912835249042146,19.6035325327377,0.0162835249042146,0.0708812260536399
meps_utilization,3,ASR-TI,predicted_scale_quintile,5,1044,0.916666666666667,90.1257859885258,0.0220306513409962,0.0613026819923372
meps_utilization,3,CQR-TI,predicted_scale_quintile,1,1044,0.943486590038314,9.86934864345962,0.00862068965517241,0.0478927203065134
meps_utilization,3,CQR-TI,predicted_scale_quintile,2,1044,0.944444444444444,10.6012913514942,0.0028735632183908,0.0526819923371648
meps_utilization,3,CQR-TI,predicted_scale_quintile,3,1044,0.937739463601533,15.1137277253526,0.00478927203065134,0.0574712643678161
meps_utilization,3,CQR-TI,predicted_scale_quintile,4,1044,0.92816091954023,20.354762008522,0.00383141762452107,0.068007662835249
meps_utilization,3,CQR-TI,predicted_scale_quintile,5,1044,0.899425287356322,70.2754097050473,0.0134099616858238,0.0871647509578544
meps_utilization,3,Parametric-TI,predicted_scale_quintile,1,1044,0.949233716475096,10.7897368283074,0.010536398467433,0.0402298850574713
meps_utilization,3,Parametric-TI,predicted_scale_quintile,2,1044,0.953065134099617,11.4587008938306,0.0028735632183908,0.0440613026819923
meps_utilization,3,Parametric-TI,predicted_scale_quintile,3,1044,0.931034482758621,14.6116384068229,0.0124521072796935,0.0565134099616858
meps_utilization,3,Parametric-TI,predicted_scale_quintile,4,1044,0.911877394636015,19.1069493155704,0.0181992337164751,0.0699233716475096
meps_utilization,3,Parametric-TI,predicted_scale_quintile,5,1044,0.826628352490421,46.1700006895718,0.0727969348659004,0.100574712643678
meps_utilization,4,SR-TI,predicted_scale_quintile,1,1044,0.853448275862069,6.66820223795303,0.0632183908045977,0.0833333333333333
meps_utilization,4,SR-TI,predicted_scale_quintile,2,1044,0.915708812260536,11.2541317415803,0.0229885057471264,0.0613026819923372
meps_utilization,4,SR-TI,predicted_scale_quintile,3,1044,0.92816091954023,15.6719057588874,0.024904214559387,0.0469348659003831
meps_utilization,4,SR-TI,predicted_scale_quintile,4,1044,0.931034482758621,24.3088718296444,0.00957854406130268,0.0593869731800766
meps_utilization,4,SR-TI,predicted_scale_quintile,5,1044,0.942528735632184,96.0717278731568,0.014367816091954,0.0431034482758621
meps_utilization,4,ASR-TI,predicted_scale_quintile,1,1044,0.846743295019157,7.59320306880088,0.0862068965517242,0.0670498084291188
meps_utilization,4,ASR-TI,predicted_scale_quintile,2,1044,0.914750957854406,13.184094942192,0.0383141762452107,0.0469348659003831
meps_utilization,4,ASR-TI,predicted_scale_quintile,3,1044,0.920498084291188,18.7317061903609,0.0383141762452107,0.0411877394636015
meps_utilization,4,ASR-TI,predicted_scale_quintile,4,1044,0.92816091954023,29.664939698533,0.0268199233716475,0.0450191570881226
meps_utilization,4,ASR-TI,predicted_scale_quintile,5,1044,0.947318007662835,127.651822972649,0.0229885057471264,0.0296934865900383
meps_utilization,4,CQR-TI,predicted_scale_quintile,1,1044,0.957854406130268,10.9126122929146,0.00478927203065134,0.0373563218390805
meps_utilization,4,CQR-TI,predicted_scale_quintile,2,1044,0.931992337164751,13.5222529828204,0.00862068965517241,0.0593869731800766
meps_utilization,4,CQR-TI,predicted_scale_quintile,3,1044,0.934865900383142,15.4513979238325,0.00670498084291188,0.0584291187739464
meps_utilization,4,CQR-TI,predicted_scale_quintile,4,1044,0.915708812260536,22.2098236651333,0.00574712643678161,0.078544061302682
meps_utilization,4,CQR-TI,predicted_scale_quintile,5,1044,0.909961685823755,68.7116687782456,0.0134099616858238,0.0766283524904215
meps_utilization,4,Parametric-TI,predicted_scale_quintile,1,1044,0.96455938697318,12.7145738276321,0.00957854406130268,0.0258620689655172
meps_utilization,4,Parametric-TI,predicted_scale_quintile,2,1044,0.953065134099617,15.1467094063074,0.00670498084291188,0.0402298850574713
meps_utilization,4,Parametric-TI,predicted_scale_quintile,3,1044,0.942528735632184,17.0616550735857,0.014367816091954,0.0431034482758621
meps_utilization,4,Parametric-TI,predicted_scale_quintile,4,1044,0.909961685823755,21.4119910449966,0.0191570881226054,0.0708812260536399
meps_utilization,4,Parametric-TI,predicted_scale_quintile,5,1044,0.852490421455939,41.7876823517934,0.0469348659003831,0.100574712643678
meps_utilization,5,SR-TI,predicted_scale_quintile,1,1044,0.89176245210728,6.06681904426715,0.0268199233716475,0.0814176245210728
meps_utilization,5,SR-TI,predicted_scale_quintile,2,1044,0.916666666666667,8.47632947970045,0.0153256704980843,0.068007662835249
meps_utilization,5,SR-TI,predicted_scale_quintile,3,1044,0.923371647509579,12.5859957558357,0.00862068965517241,0.068007662835249
meps_utilization,5,SR-TI,predicted_scale_quintile,4,1044,0.915708812260536,19.9166503589173,0.0172413793103448,0.0670498084291188
meps_utilization,5,SR-TI,predicted_scale_quintile,5,1044,0.938697318007663,123.179361165421,0.0153256704980843,0.0459770114942529
meps_utilization,5,ASR-TI,predicted_scale_quintile,1,1044,0.89176245210728,6.19240444885532,0.0296934865900383,0.078544061302682
meps_utilization,5,ASR-TI,predicted_scale_quintile,2,1044,0.919540229885057,8.67496160029826,0.0153256704980843,0.0651340996168582
meps_utilization,5,ASR-TI,predicted_scale_quintile,3,1044,0.925287356321839,12.901180166512,0.010536398467433,0.064176245210728
meps_utilization,5,ASR-TI,predicted_scale_quintile,4,1044,0.921455938697318,20.4612974650549,0.0172413793103448,0.0613026819923372
meps_utilization,5,ASR-TI,predicted_scale_quintile,5,1044,0.939655172413793,128.488180618096,0.0162835249042146,0.0440613026819923
meps_utilization,5,CQR-TI,predicted_scale_quintile,1,1044,0.940613026819923,8.9367593012679,0.0134099616858238,0.0459770114942529
meps_utilization,5,CQR-TI,predicted_scale_quintile,2,1044,0.92911877394636,10.4180182132661,0.0134099616858238,0.0574712643678161
meps_utilization,5,CQR-TI,predicted_scale_quintile,3,1044,0.931992337164751,13.8306011021585,0.00766283524904215,0.0603448275862069
meps_utilization,5,CQR-TI,predicted_scale_quintile,4,1044,0.916666666666667,18.9792841816925,0.010536398467433,0.0727969348659004
meps_utilization,5,CQR-TI,predicted_scale_quintile,5,1044,0.904214559386973,80.1856355248019,0.0191570881226054,0.0766283524904215
meps_utilization,5,Parametric-TI,predicted_scale_quintile,1,1044,0.961685823754789,10.5227635161235,0.00670498084291188,0.0316091954022989
meps_utilization,5,Parametric-TI,predicted_scale_quintile,2,1044,0.952107279693487,11.5838262626108,0.00478927203065134,0.0431034482758621
meps_utilization,5,Parametric-TI,predicted_scale_quintile,3,1044,0.943486590038314,14.8308962176521,0.00478927203065134,0.0517241379310345
meps_utilization,5,Parametric-TI,predicted_scale_quintile,4,1044,0.913793103448276,19.5472712850976,0.0172413793103448,0.0689655172413793
meps_utilization,5,Parametric-TI,predicted_scale_quintile,5,1044,0.837164750957854,50.4141084028716,0.0584291187739464,0.104406130268199
meps_utilization,6,SR-TI,predicted_scale_quintile,1,1044,0.911877394636015,7.62627202125525,0.0258620689655172,0.0622605363984674
meps_utilization,6,SR-TI,predicted_scale_quintile,2,1044,0.918582375478927,10.7094907814355,0.014367816091954,0.0670498084291188
meps_utilization,6,SR-TI,predicted_scale_quintile,3,1044,0.918582375478927,14.7358121561494,0.0153256704980843,0.0660919540229885
meps_utilization,6,SR-TI,predicted_scale_quintile,4,1044,0.924329501915709,21.7611226747539,0.0172413793103448,0.0584291187739464
meps_utilization,6,SR-TI,predicted_scale_quintile,5,1044,0.92816091954023,85.8928130301275,0.0124521072796935,0.0593869731800766
meps_utilization,6,ASR-TI,predicted_scale_quintile,1,1044,0.910919540229885,8.09478836485757,0.0277777777777778,0.0613026819923372
meps_utilization,6,ASR-TI,predicted_scale_quintile,2,1044,0.924329501915709,11.4409930770235,0.0153256704980843,0.0603448275862069
meps_utilization,6,ASR-TI,predicted_scale_quintile,3,1044,0.924329501915709,15.8224367439012,0.0181992337164751,0.0574712643678161
meps_utilization,6,ASR-TI,predicted_scale_quintile,4,1044,0.9272030651341,23.543108590835,0.0210727969348659,0.0517241379310345
meps_utilization,6,ASR-TI,predicted_scale_quintile,5,1044,0.92911877394636,96.0235484636762,0.0191570881226054,0.0517241379310345
meps_utilization,6,CQR-TI,predicted_scale_quintile,1,1044,0.941570881226054,10.0823958662931,0.0134099616858238,0.0450191570881226
meps_utilization,6,CQR-TI,predicted_scale_quintile,2,1044,0.935823754789272,12.4725983738559,0.00862068965517241,0.0555555555555556
meps_utilization,6,CQR-TI,predicted_scale_quintile,3,1044,0.93007662835249,15.8389590110806,0.00957854406130268,0.0603448275862069
meps_utilization,6,CQR-TI,predicted_scale_quintile,4,1044,0.933908045977011,22.3677142436192,0.00957854406130268,0.0565134099616858
meps_utilization,6,CQR-TI,predicted_scale_quintile,5,1044,0.912835249042146,64.8486597418122,0.0124521072796935,0.0747126436781609
meps_utilization,6,Parametric-TI,predicted_scale_quintile,1,1044,0.96455938697318,12.749206301486,0.00957854406130268,0.0258620689655172
meps_utilization,6,Parametric-TI,predicted_scale_quintile,2,1044,0.954980842911877,14.7053680502141,0.00478927203065134,0.0402298850574713
meps_utilization,6,Parametric-TI,predicted_scale_quintile,3,1044,0.940613026819923,17.5347827572783,0.00957854406130268,0.0498084291187739
meps_utilization,6,Parametric-TI,predicted_scale_quintile,4,1044,0.922413793103448,21.4211149362986,0.0191570881226054,0.0584291187739464
meps_utilization,6,Parametric-TI,predicted_scale_quintile,5,1044,0.840038314176245,43.5290610323551,0.0555555555555556,0.104406130268199
meps_utilization,7,SR-TI,predicted_scale_quintile,1,1044,0.886973180076628,6.36071150653832,0.0354406130268199,0.0775862068965517
meps_utilization,7,SR-TI,predicted_scale_quintile,2,1044,0.909961685823755,9.11360053203501,0.024904214559387,0.0651340996168582
meps_utilization,7,SR-TI,predicted_scale_quintile,3,1044,0.922413793103448,13.077964117521,0.0191570881226054,0.0584291187739464
meps_utilization,7,SR-TI,predicted_scale_quintile,4,1044,0.9272030651341,19.0322790329639,0.014367816091954,0.0584291187739464
meps_utilization,7,SR-TI,predicted_scale_quintile,5,1044,0.943486590038314,131.694407615537,0.0172413793103448,0.039272030651341
meps_utilization,7,ASR-TI,predicted_scale_quintile,1,1044,0.885057471264368,6.6948059895783,0.0450191570881226,0.0699233716475096
meps_utilization,7,ASR-TI,predicted_scale_quintile,2,1044,0.904214559386973,9.68740804702494,0.0344827586206897,0.0613026819923372
meps_utilization,7,ASR-TI,predicted_scale_quintile,3,1044,0.918582375478927,13.9877674700897,0.0277777777777778,0.053639846743295
meps_utilization,7,ASR-TI,predicted_scale_quintile,4,1044,0.931034482758621,20.5042463224197,0.0172413793103448,0.0517241379310345
meps_utilization,7,ASR-TI,predicted_scale_quintile,5,1044,0.948275862068965,147.946181295189,0.0220306513409962,0.0296934865900383
meps_utilization,7,CQR-TI,predicted_scale_quintile,1,1044,0.948275862068965,8.8300656196558,0.00478927203065134,0.0469348659003831
meps_utilization,7,CQR-TI,predicted_scale_quintile,2,1044,0.942528735632184,10.4971133761704,0.0028735632183908,0.0545977011494253
meps_utilization,7,CQR-TI,predicted_scale_quintile,3,1044,0.936781609195402,13.6711190677313,0.00862068965517241,0.0545977011494253
meps_utilization,7,CQR-TI,predicted_scale_quintile,4,1044,0.912835249042146,17.6441314803339,0.0153256704980843,0.0718390804597701
meps_utilization,7,CQR-TI,predicted_scale_quintile,5,1044,0.917624521072797,85.8286825807328,0.0134099616858238,0.0689655172413793
meps_utilization,7,Parametric-TI,predicted_scale_quintile,1,1044,0.96455938697318,11.084576573437,0.00478927203065134,0.0306513409961686
meps_utilization,7,Parametric-TI,predicted_scale_quintile,2,1044,0.951149425287356,12.0751983523734,0.00383141762452107,0.0450191570881226
meps_utilization,7,Parametric-TI,predicted_scale_quintile,3,1044,0.933908045977011,14.442175207008,0.0153256704980843,0.0507662835249042
meps_utilization,7,Parametric-TI,predicted_scale_quintile,4,1044,0.912835249042146,17.3378955325166,0.0181992337164751,0.0689655172413793
meps_utilization,7,Parametric-TI,predicted_scale_quintile,5,1044,0.825670498084291,48.6666019067682,0.0727969348659004,0.101532567049808
meps_utilization,8,SR-TI,predicted_scale_quintile,1,1044,0.894636015325671,6.57369637338155,0.0344827586206897,0.0708812260536399
meps_utilization,8,SR-TI,predicted_scale_quintile,2,1044,0.925287356321839,9.26679617302896,0.0162835249042146,0.0584291187739464
meps_utilization,8,SR-TI,predicted_scale_quintile,3,1044,0.923371647509579,12.4177246868235,0.0153256704980843,0.0613026819923372
meps_utilization,8,SR-TI,predicted_scale_quintile,4,1044,0.924329501915709,20.2929433511072,0.0172413793103448,0.0584291187739464
meps_utilization,8,SR-TI,predicted_scale_quintile,5,1044,0.932950191570881,96.1074546662365,0.0191570881226054,0.0478927203065134
meps_utilization,8,ASR-TI,predicted_scale_quintile,1,1044,0.89176245210728,7.26385033034784,0.0459770114942529,0.0622605363984674
meps_utilization,8,ASR-TI,predicted_scale_quintile,2,1044,0.9272030651341,10.3765951880065,0.024904214559387,0.0478927203065134
meps_utilization,8,ASR-TI,predicted_scale_quintile,3,1044,0.931992337164751,14.0235107598444,0.0210727969348659,0.0469348659003831
meps_utilization,8,ASR-TI,predicted_scale_quintile,4,1044,0.92911877394636,23.1833203354062,0.024904214559387,0.0459770114942529
meps_utilization,8,ASR-TI,predicted_scale_quintile,5,1044,0.937739463601533,115.532394555465,0.0220306513409962,0.0402298850574713
meps_utilization,8,CQR-TI,predicted_scale_quintile,1,1044,0.938697318007663,9.3010738124896,0.0191570881226054,0.0421455938697318
meps_utilization,8,CQR-TI,predicted_scale_quintile,2,1044,0.945402298850575,10.9845861827916,0.00574712643678161,0.0488505747126437
meps_utilization,8,CQR-TI,predicted_scale_quintile,3,1044,0.936781609195402,13.4327068634737,0.010536398467433,0.0526819923371648
meps_utilization,8,CQR-TI,predicted_scale_quintile,4,1044,0.917624521072797,19.0990578042558,0.0114942528735632,0.0708812260536399
meps_utilization,8,CQR-TI,predicted_scale_quintile,5,1044,0.912835249042146,70.1621414717838,0.0153256704980843,0.0718390804597701
meps_utilization,8,Parametric-TI,predicted_scale_quintile,1,1044,0.966475095785441,11.6562383165142,0.00574712643678161,0.0277777777777778
meps_utilization,8,Parametric-TI,predicted_scale_quintile,2,1044,0.969348659003831,12.9506532053608,0.000957854406130268,0.0296934865900383
meps_utilization,8,Parametric-TI,predicted_scale_quintile,3,1044,0.953065134099617,15.0213533580936,0.00862068965517241,0.0383141762452107
meps_utilization,8,Parametric-TI,predicted_scale_quintile,4,1044,0.926245210727969,20.3271777488665,0.0191570881226054,0.0545977011494253
meps_utilization,8,Parametric-TI,predicted_scale_quintile,5,1044,0.845785440613027,50.4075478737176,0.0699233716475096,0.0842911877394636
meps_utilization,9,SR-TI,predicted_scale_quintile,1,1044,0.918582375478927,5.82701394107409,0.0229885057471264,0.0584291187739464
meps_utilization,9,SR-TI,predicted_scale_quintile,2,1044,0.922413793103448,9.91722167708965,0.0220306513409962,0.0555555555555556
meps_utilization,9,SR-TI,predicted_scale_quintile,3,1044,0.916666666666667,14.3744286305898,0.0201149425287356,0.0632183908045977
meps_utilization,9,SR-TI,predicted_scale_quintile,4,1044,0.939655172413793,20.8549816423167,0.0114942528735632,0.0488505747126437
meps_utilization,9,SR-TI,predicted_scale_quintile,5,1044,0.931034482758621,119.056575816903,0.0153256704980843,0.053639846743295
meps_utilization,9,ASR-TI,predicted_scale_quintile,1,1044,0.918582375478927,6.11492048839169,0.0268199233716475,0.0545977011494253
meps_utilization,9,ASR-TI,predicted_scale_quintile,2,1044,0.922413793103448,10.4608546835264,0.028735632183908,0.0488505747126437
meps_utilization,9,ASR-TI,predicted_scale_quintile,3,1044,0.918582375478927,15.2327177717235,0.0239463601532567,0.0574712643678161
meps_utilization,9,ASR-TI,predicted_scale_quintile,4,1044,0.939655172413793,22.2634215124385,0.014367816091954,0.0459770114942529
meps_utilization,9,ASR-TI,predicted_scale_quintile,5,1044,0.937739463601533,131.97652125745,0.0172413793103448,0.0450191570881226
meps_utilization,9,CQR-TI,predicted_scale_quintile,1,1044,0.960727969348659,8.04393077705863,0.0028735632183908,0.0363984674329502
meps_utilization,9,CQR-TI,predicted_scale_quintile,2,1044,0.944444444444444,11.8116186899288,0.00574712643678161,0.0498084291187739
meps_utilization,9,CQR-TI,predicted_scale_quintile,3,1044,0.931034482758621,15.6627120816821,0.00957854406130268,0.0593869731800766
meps_utilization,9,CQR-TI,predicted_scale_quintile,4,1044,0.936781609195402,21.3669595481742,0.00670498084291188,0.0565134099616858
meps_utilization,9,CQR-TI,predicted_scale_quintile,5,1044,0.914750957854406,82.2662436763658,0.00670498084291188,0.078544061302682
meps_utilization,9,Parametric-TI,predicted_scale_quintile,1,1044,0.969348659003831,10.5958362598065,0.00766283524904215,0.0229885057471264
meps_utilization,9,Parametric-TI,predicted_scale_quintile,2,1044,0.956896551724138,14.2747860156315,0.010536398467433,0.0325670498084291
meps_utilization,9,Parametric-TI,predicted_scale_quintile,3,1044,0.941570881226054,17.5801020096445,0.014367816091954,0.0440613026819923
meps_utilization,9,Parametric-TI,predicted_scale_quintile,4,1044,0.937739463601533,20.7960451912338,0.0114942528735632,0.0507662835249042
meps_utilization,9,Parametric-TI,predicted_scale_quintile,5,1044,0.838122605363985,49.9004717108103,0.0632183908045977,0.0986590038314176
meps_utilization,10,SR-TI,predicted_scale_quintile,1,1044,0.895593869731801,6.3324857400044,0.0306513409961686,0.0737547892720307
meps_utilization,10,SR-TI,predicted_scale_quintile,2,1044,0.919540229885057,10.4600796012023,0.0162835249042146,0.064176245210728
meps_utilization,10,SR-TI,predicted_scale_quintile,3,1044,0.919540229885057,16.1998829716217,0.0210727969348659,0.0593869731800766
meps_utilization,10,SR-TI,predicted_scale_quintile,4,1044,0.931992337164751,23.114973542791,0.0172413793103448,0.0507662835249042
meps_utilization,10,SR-TI,predicted_scale_quintile,5,1044,0.946360153256705,111.256922216944,0.014367816091954,0.039272030651341
meps_utilization,10,ASR-TI,predicted_scale_quintile,1,1044,0.896551724137931,6.84011172555927,0.0411877394636015,0.0622605363984674
meps_utilization,10,ASR-TI,predicted_scale_quintile,2,1044,0.923371647509579,11.4440182725546,0.024904214559387,0.0517241379310345
meps_utilization,10,ASR-TI,predicted_scale_quintile,3,1044,0.923371647509579,17.8940262074649,0.0268199233716475,0.0498084291187739
meps_utilization,10,ASR-TI,predicted_scale_quintile,4,1044,0.932950191570881,25.8618144693621,0.0201149425287356,0.0469348659003831
meps_utilization,10,ASR-TI,predicted_scale_quintile,5,1044,0.955938697318008,131.093804794484,0.0191570881226054,0.024904214559387
meps_utilization,10,CQR-TI,predicted_scale_quintile,1,1044,0.954022988505747,8.93619029189654,0,0.0459770114942529
meps_utilization,10,CQR-TI,predicted_scale_quintile,2,1044,0.940613026819923,11.8940320114095,0,0.0593869731800766
meps_utilization,10,CQR-TI,predicted_scale_quintile,3,1044,0.938697318007663,16.1814834735293,0,0.0613026819923372
meps_utilization,10,CQR-TI,predicted_scale_quintile,4,1044,0.9272030651341,20.6884122082303,0,0.0727969348659004
meps_utilization,10,CQR-TI,predicted_scale_quintile,5,1044,0.940613026819923,78.6466555413687,0,0.0593869731800766
meps_utilization,10,Parametric-TI,predicted_scale_quintile,1,1044,0.970306513409962,11.4307148956188,0.00191570881226054,0.0277777777777778
meps_utilization,10,Parametric-TI,predicted_scale_quintile,2,1044,0.956896551724138,14.0116538871286,0.00670498084291188,0.0363984674329502
meps_utilization,10,Parametric-TI,predicted_scale_quintile,3,1044,0.931992337164751,17.7871053013491,0.0153256704980843,0.0526819923371648
meps_utilization,10,Parametric-TI,predicted_scale_quintile,4,1044,0.918582375478927,20.217892582997,0.0201149425287356,0.0613026819923372
meps_utilization,10,Parametric-TI,predicted_scale_quintile,5,1044,0.852490421455939,44.2853890094679,0.0584291187739464,0.089080459770115
meps_utilization,11,SR-TI,predicted_scale_quintile,1,1044,0.899425287356322,7.57166158154949,0.0344827586206897,0.0660919540229885
meps_utilization,11,SR-TI,predicted_scale_quintile,2,1044,0.939655172413793,10.6283745815625,0.00862068965517241,0.0517241379310345
meps_utilization,11,SR-TI,predicted_scale_quintile,3,1044,0.92816091954023,15.3395169170675,0.0191570881226054,0.0526819923371648
meps_utilization,11,SR-TI,predicted_scale_quintile,4,1044,0.941570881226054,22.0351858036312,0.00862068965517241,0.0498084291187739
meps_utilization,11,SR-TI,predicted_scale_quintile,5,1044,0.931992337164751,100.923255143104,0.0114942528735632,0.0565134099616858
meps_utilization,11,ASR-TI,predicted_scale_quintile,1,1044,0.895593869731801,8.03996341272649,0.0440613026819923,0.0603448275862069
meps_utilization,11,ASR-TI,predicted_scale_quintile,2,1044,0.933908045977011,11.4360842830975,0.0172413793103448,0.0488505747126437
meps_utilization,11,ASR-TI,predicted_scale_quintile,3,1044,0.92911877394636,16.6272264123053,0.0239463601532567,0.0469348659003831
meps_utilization,11,ASR-TI,predicted_scale_quintile,4,1044,0.944444444444444,24.1015435917829,0.0124521072796935,0.0431034482758621
meps_utilization,11,ASR-TI,predicted_scale_quintile,5,1044,0.938697318007663,114.303391673007,0.0162835249042146,0.0450191570881226
meps_utilization,11,CQR-TI,predicted_scale_quintile,1,1044,0.952107279693487,10.8827365393273,0.00957854406130268,0.0383141762452107
meps_utilization,11,CQR-TI,predicted_scale_quintile,2,1044,0.940613026819923,12.2711762921812,0.00766283524904215,0.0517241379310345
meps_utilization,11,CQR-TI,predicted_scale_quintile,3,1044,0.937739463601533,15.7205963547574,0.010536398467433,0.0517241379310345
meps_utilization,11,CQR-TI,predicted_scale_quintile,4,1044,0.932950191570881,20.4164996900503,0.00670498084291188,0.0603448275862069
meps_utilization,11,CQR-TI,predicted_scale_quintile,5,1044,0.895593869731801,71.6220704538831,0.00670498084291188,0.0977011494252874
meps_utilization,11,Parametric-TI,predicted_scale_quintile,1,1044,0.972222222222222,14.0753470233442,0.00478927203065134,0.0229885057471264
meps_utilization,11,Parametric-TI,predicted_scale_quintile,2,1044,0.961685823754789,14.5139596966715,0.00478927203065134,0.0335249042145594
meps_utilization,11,Parametric-TI,predicted_scale_quintile,3,1044,0.944444444444444,17.4457144370931,0.0124521072796935,0.0431034482758621
meps_utilization,11,Parametric-TI,predicted_scale_quintile,4,1044,0.926245210727969,20.5624420520147,0.0124521072796935,0.0613026819923372
meps_utilization,11,Parametric-TI,predicted_scale_quintile,5,1044,0.839080459770115,48.6860607860358,0.0517241379310345,0.109195402298851
meps_utilization,12,SR-TI,predicted_scale_quintile,1,1044,0.898467432950192,5.99936633224551,0.0277777777777778,0.0737547892720307
meps_utilization,12,SR-TI,predicted_scale_quintile,2,1044,0.904214559386973,9.74373190190079,0.0268199233716475,0.0689655172413793
meps_utilization,12,SR-TI,predicted_scale_quintile,3,1044,0.9272030651341,13.4908159326726,0.00957854406130268,0.0632183908045977
meps_utilization,12,SR-TI,predicted_scale_quintile,4,1044,0.921455938697318,20.0659739980003,0.0153256704980843,0.0632183908045977
meps_utilization,12,SR-TI,predicted_scale_quintile,5,1044,0.940613026819923,119.540551221652,0.0239463601532567,0.0354406130268199
meps_utilization,12,ASR-TI,predicted_scale_quintile,1,1044,0.89272030651341,6.21678594003689,0.0363984674329502,0.0708812260536399
meps_utilization,12,ASR-TI,predicted_scale_quintile,2,1044,0.901340996168582,10.153963923137,0.0363984674329502,0.0622605363984674
meps_utilization,12,ASR-TI,predicted_scale_quintile,3,1044,0.923371647509579,14.1176914204886,0.0153256704980843,0.0613026819923372
meps_utilization,12,ASR-TI,predicted_scale_quintile,4,1044,0.919540229885057,21.1033358685729,0.0210727969348659,0.0593869731800766
meps_utilization,12,ASR-TI,predicted_scale_quintile,5,1044,0.941570881226054,129.047303216573,0.0268199233716475,0.0316091954022989
meps_utilization,12,CQR-TI,predicted_scale_quintile,1,1044,0.952107279693487,8.51956973179082,0.00191570881226054,0.0459770114942529
meps_utilization,12,CQR-TI,predicted_scale_quintile,2,1044,0.936781609195402,11.1148210136418,0.00574712643678161,0.0574712643678161
meps_utilization,12,CQR-TI,predicted_scale_quintile,3,1044,0.934865900383142,14.6061138949616,0.0028735632183908,0.0622605363984674
meps_utilization,12,CQR-TI,predicted_scale_quintile,4,1044,0.921455938697318,20.3813936779483,0.0124521072796935,0.0660919540229885
meps_utilization,12,CQR-TI,predicted_scale_quintile,5,1044,0.934865900383142,96.8346372848419,0.0153256704980843,0.0498084291187739
meps_utilization,12,Parametric-TI,predicted_scale_quintile,1,1044,0.974137931034483,10.7710799053153,0.00191570881226054,0.0239463601532567
meps_utilization,12,Parametric-TI,predicted_scale_quintile,2,1044,0.953065134099617,13.3219034460987,0.00574712643678161,0.0411877394636015
meps_utilization,12,Parametric-TI,predicted_scale_quintile,3,1044,0.940613026819923,15.6568945286538,0.00670498084291188,0.0526819923371648
meps_utilization,12,Parametric-TI,predicted_scale_quintile,4,1044,0.916666666666667,19.2241275314938,0.0172413793103448,0.0660919540229885
meps_utilization,12,Parametric-TI,predicted_scale_quintile,5,1044,0.838122605363985,50.6060195351149,0.0814176245210728,0.0804597701149425
meps_utilization,13,SR-TI,predicted_scale_quintile,1,1044,0.884099616858238,6.42122171952959,0.0411877394636015,0.0747126436781609
meps_utilization,13,SR-TI,predicted_scale_quintile,2,1044,0.909961685823755,10.5346818423025,0.0239463601532567,0.0660919540229885
meps_utilization,13,SR-TI,predicted_scale_quintile,3,1044,0.932950191570881,14.4939923813278,0.0134099616858238,0.053639846743295
meps_utilization,13,SR-TI,predicted_scale_quintile,4,1044,0.93007662835249,21.946433198624,0.0172413793103448,0.0526819923371648
meps_utilization,13,SR-TI,predicted_scale_quintile,5,1044,0.951149425287356,124.227076618237,0.0153256704980843,0.0335249042145594
meps_utilization,13,ASR-TI,predicted_scale_quintile,1,1044,0.886015325670498,6.62126663021107,0.0440613026819923,0.0699233716475096
meps_utilization,13,ASR-TI,predicted_scale_quintile,2,1044,0.914750957854406,10.9142272164122,0.0258620689655172,0.0593869731800766
meps_utilization,13,ASR-TI,predicted_scale_quintile,3,1044,0.936781609195402,15.0719400825219,0.0134099616858238,0.0498084291187739
meps_utilization,13,ASR-TI,predicted_scale_quintile,4,1044,0.931992337164751,22.9307892076785,0.0191570881226054,0.0488505747126437
meps_utilization,13,ASR-TI,predicted_scale_quintile,5,1044,0.948275862068965,132.129301581781,0.0210727969348659,0.0306513409961686
meps_utilization,13,CQR-TI,predicted_scale_quintile,1,1044,0.950191570881226,10.1342766432549,0.0124521072796935,0.0373563218390805
meps_utilization,13,CQR-TI,predicted_scale_quintile,2,1044,0.950191570881226,12.826343718296,0.00574712643678161,0.0440613026819923
meps_utilization,13,CQR-TI,predicted_scale_quintile,3,1044,0.942528735632184,15.1544581057501,0.00574712643678161,0.0517241379310345
meps_utilization,13,CQR-TI,predicted_scale_quintile,4,1044,0.92911877394636,21.0375747713833,0.00957854406130268,0.0613026819923372
meps_utilization,13,CQR-TI,predicted_scale_quintile,5,1044,0.921455938697318,81.1938422220613,0.010536398467433,0.068007662835249
meps_utilization,13,Parametric-TI,predicted_scale_quintile,1,1044,0.96455938697318,10.92738066178,0.00766283524904215,0.0277777777777778
meps_utilization,13,Parametric-TI,predicted_scale_quintile,2,1044,0.946360153256705,13.4947333387844,0.0114942528735632,0.0421455938697318
meps_utilization,13,Parametric-TI,predicted_scale_quintile,3,1044,0.941570881226054,15.4941464804642,0.00957854406130268,0.0488505747126437
meps_utilization,13,Parametric-TI,predicted_scale_quintile,4,1044,0.910919540229885,18.7751530741765,0.024904214559387,0.064176245210728
meps_utilization,13,Parametric-TI,predicted_scale_quintile,5,1044,0.836206896551724,51.9407233550746,0.0823754789272031,0.0814176245210728
meps_utilization,14,SR-TI,predicted_scale_quintile,1,1044,0.906130268199234,6.67873086035096,0.0354406130268199,0.0584291187739464
meps_utilization,14,SR-TI,predicted_scale_quintile,2,1044,0.923371647509579,11.020092818273,0.0268199233716475,0.0498084291187739
meps_utilization,14,SR-TI,predicted_scale_quintile,3,1044,0.92816091954023,14.543868162069,0.014367816091954,0.0574712643678161
meps_utilization,14,SR-TI,predicted_scale_quintile,4,1044,0.920498084291188,23.71608769361,0.0191570881226054,0.0603448275862069
meps_utilization,14,SR-TI,predicted_scale_quintile,5,1044,0.947318007662835,95.6412495795512,0.010536398467433,0.0421455938697318
meps_utilization,14,ASR-TI,predicted_scale_quintile,1,1044,0.895593869731801,7.36317749373443,0.053639846743295,0.0507662835249042
meps_utilization,14,ASR-TI,predicted_scale_quintile,2,1044,0.924329501915709,12.3355774684662,0.0363984674329502,0.039272030651341
meps_utilization,14,ASR-TI,predicted_scale_quintile,3,1044,0.931034482758621,16.5072622333775,0.0239463601532567,0.0450191570881226
meps_utilization,14,ASR-TI,predicted_scale_quintile,4,1044,0.92816091954023,27.3241543780957,0.024904214559387,0.0469348659003831
meps_utilization,14,ASR-TI,predicted_scale_quintile,5,1044,0.945402298850575,116.962055740965,0.0201149425287356,0.0344827586206897
meps_utilization,14,CQR-TI,predicted_scale_quintile,1,1044,0.956896551724138,8.71277488631722,0.00478927203065134,0.0383141762452107
meps_utilization,14,CQR-TI,predicted_scale_quintile,2,1044,0.946360153256705,12.670457910358,0.010536398467433,0.0431034482758621
meps_utilization,14,CQR-TI,predicted_scale_quintile,3,1044,0.931992337164751,15.5175303602953,0.010536398467433,0.0574712643678161
meps_utilization,14,CQR-TI,predicted_scale_quintile,4,1044,0.923371647509579,24.0607157412323,0.00766283524904215,0.0689655172413793
meps_utilization,14,CQR-TI,predicted_scale_quintile,5,1044,0.916666666666667,65.00495480893,0.010536398467433,0.0727969348659004
meps_utilization,14,Parametric-TI,predicted_scale_quintile,1,1044,0.970306513409962,10.9687476542676,0.00766283524904215,0.0220306513409962
meps_utilization,14,Parametric-TI,predicted_scale_quintile,2,1044,0.954980842911877,14.0095158848905,0.0114942528735632,0.0335249042145594
meps_utilization,14,Parametric-TI,predicted_scale_quintile,3,1044,0.932950191570881,15.2475452676202,0.0134099616858238,0.053639846743295
meps_utilization,14,Parametric-TI,predicted_scale_quintile,4,1044,0.898467432950192,20.0377646710102,0.0210727969348659,0.0804597701149425
meps_utilization,14,Parametric-TI,predicted_scale_quintile,5,1044,0.834291187739464,40.781453427616,0.0660919540229885,0.0996168582375479
meps_utilization,15,SR-TI,predicted_scale_quintile,1,1044,0.909003831417625,6.13249235401952,0.0268199233716475,0.064176245210728
meps_utilization,15,SR-TI,predicted_scale_quintile,2,1044,0.922413793103448,9.62030725593456,0.014367816091954,0.0632183908045977
meps_utilization,15,SR-TI,predicted_scale_quintile,3,1044,0.917624521072797,14.5189155303622,0.0172413793103448,0.0651340996168582
meps_utilization,15,SR-TI,predicted_scale_quintile,4,1044,0.940613026819923,24.0807908397243,0.014367816091954,0.0450191570881226
meps_utilization,15,SR-TI,predicted_scale_quintile,5,1044,0.938697318007663,91.544982810928,0.0181992337164751,0.0431034482758621
meps_utilization,15,ASR-TI,predicted_scale_quintile,1,1044,0.909003831417625,6.19343437543504,0.0268199233716475,0.064176245210728
meps_utilization,15,ASR-TI,predicted_scale_quintile,2,1044,0.920498084291188,9.72661139978235,0.0162835249042146,0.0632183908045977
meps_utilization,15,ASR-TI,predicted_scale_quintile,3,1044,0.919540229885057,14.6943751317279,0.0181992337164751,0.0622605363984674
meps_utilization,15,ASR-TI,predicted_scale_quintile,4,1044,0.941570881226054,24.4035226896066,0.014367816091954,0.0440613026819923
meps_utilization,15,ASR-TI,predicted_scale_quintile,5,1044,0.940613026819923,93.136406322525,0.0181992337164751,0.0411877394636015
meps_utilization,15,CQR-TI,predicted_scale_quintile,1,1044,0.96264367816092,9.00009109345866,0.0028735632183908,0.0344827586206897
meps_utilization,15,CQR-TI,predicted_scale_quintile,2,1044,0.947318007662835,11.6698876907348,0.00191570881226054,0.0507662835249042
meps_utilization,15,CQR-TI,predicted_scale_quintile,3,1044,0.944444444444444,16.5390770108115,0.00383141762452107,0.0517241379310345
meps_utilization,15,CQR-TI,predicted_scale_quintile,4,1044,0.941570881226054,23.9937735781949,0.00574712643678161,0.0526819923371648
meps_utilization,15,CQR-TI,predicted_scale_quintile,5,1044,0.89367816091954,71.4333079208081,0.0201149425287356,0.0862068965517242
meps_utilization,15,Parametric-TI,predicted_scale_quintile,1,1044,0.968390804597701,10.0492073833321,0.00478927203065134,0.0268199233716475
meps_utilization,15,Parametric-TI,predicted_scale_quintile,2,1044,0.951149425287356,12.5713614938341,0.00574712643678161,0.0431034482758621
meps_utilization,15,Parametric-TI,predicted_scale_quintile,3,1044,0.934865900383142,15.788744118974,0.0124521072796935,0.0526819923371648
meps_utilization,15,Parametric-TI,predicted_scale_quintile,4,1044,0.917624521072797,21.1502573995569,0.0239463601532567,0.0584291187739464
meps_utilization,15,Parametric-TI,predicted_scale_quintile,5,1044,0.841954022988506,46.8497478041887,0.0660919540229885,0.0919540229885057
meps_utilization,16,SR-TI,predicted_scale_quintile,1,1044,0.900383141762452,5.78292208303162,0.0296934865900383,0.0699233716475096
meps_utilization,16,SR-TI,predicted_scale_quintile,2,1044,0.9272030651341,9.00639217280452,0.0134099616858238,0.0593869731800766
meps_utilization,16,SR-TI,predicted_scale_quintile,3,1044,0.902298850574713,13.9624490678104,0.0181992337164751,0.0795019157088123
meps_utilization,16,SR-TI,predicted_scale_quintile,4,1044,0.918582375478927,21.0531929007295,0.010536398467433,0.0708812260536399
meps_utilization,16,SR-TI,predicted_scale_quintile,5,1044,0.921455938697318,89.7348134205468,0.0258620689655172,0.0526819923371648
meps_utilization,16,ASR-TI,predicted_scale_quintile,1,1044,0.902298850574713,6.13429436445318,0.039272030651341,0.0584291187739464
meps_utilization,16,ASR-TI,predicted_scale_quintile,2,1044,0.919540229885057,9.65088519407941,0.0277777777777778,0.0526819923371648
meps_utilization,16,ASR-TI,predicted_scale_quintile,3,1044,0.900383141762452,15.061033338139,0.0296934865900383,0.0699233716475096
meps_utilization,16,ASR-TI,predicted_scale_quintile,4,1044,0.918582375478927,22.8979317017618,0.0172413793103448,0.064176245210728
meps_utilization,16,ASR-TI,predicted_scale_quintile,5,1044,0.918582375478927,100.237482988384,0.0373563218390805,0.0440613026819923
meps_utilization,16,CQR-TI,predicted_scale_quintile,1,1044,0.959770114942529,8.55868127105816,0.00383141762452107,0.0363984674329502
meps_utilization,16,CQR-TI,predicted_scale_quintile,2,1044,0.950191570881226,10.8661188000867,0.00383141762452107,0.0459770114942529
meps_utilization,16,CQR-TI,predicted_scale_quintile,3,1044,0.920498084291188,14.9114394777887,0.00862068965517241,0.0708812260536399
meps_utilization,16,CQR-TI,predicted_scale_quintile,4,1044,0.912835249042146,20.6538383056992,0.010536398467433,0.0766283524904215
meps_utilization,16,CQR-TI,predicted_scale_quintile,5,1044,0.906130268199234,66.2641857965998,0.0153256704980843,0.078544061302682
meps_utilization,16,Parametric-TI,predicted_scale_quintile,1,1044,0.977969348659004,10.6135076749581,0.0028735632183908,0.0191570881226054
meps_utilization,16,Parametric-TI,predicted_scale_quintile,2,1044,0.954980842911877,12.4263084701435,0.00670498084291188,0.0383141762452107
meps_utilization,16,Parametric-TI,predicted_scale_quintile,3,1044,0.9272030651341,15.9650048810589,0.0114942528735632,0.0613026819923372
meps_utilization,16,Parametric-TI,predicted_scale_quintile,4,1044,0.911877394636015,19.824348557636,0.0124521072796935,0.0756704980842912
meps_utilization,16,Parametric-TI,predicted_scale_quintile,5,1044,0.829501915708812,48.9386159124327,0.0708812260536399,0.0996168582375479
meps_utilization,17,SR-TI,predicted_scale_quintile,1,1044,0.900383141762452,5.9352922271408,0.0268199233716475,0.0727969348659004
meps_utilization,17,SR-TI,predicted_scale_quintile,2,1044,0.915708812260536,9.18292693879665,0.0201149425287356,0.064176245210728
meps_utilization,17,SR-TI,predicted_scale_quintile,3,1044,0.92816091954023,12.4165363496919,0.0134099616858238,0.0584291187739464
meps_utilization,17,SR-TI,predicted_scale_quintile,4,1044,0.93007662835249,19.4898303190319,0.0134099616858238,0.0565134099616858
meps_utilization,17,SR-TI,predicted_scale_quintile,5,1044,0.921455938697318,106.481206223175,0.0191570881226054,0.0593869731800766
meps_utilization,17,ASR-TI,predicted_scale_quintile,1,1044,0.898467432950192,6.23761319664726,0.0373563218390805,0.064176245210728
meps_utilization,17,ASR-TI,predicted_scale_quintile,2,1044,0.910919540229885,9.72684729330351,0.0306513409961686,0.0584291187739464
meps_utilization,17,ASR-TI,predicted_scale_quintile,3,1044,0.92816091954023,13.2275180744682,0.0191570881226054,0.0526819923371648
meps_utilization,17,ASR-TI,predicted_scale_quintile,4,1044,0.933908045977011,20.9109990022523,0.0162835249042146,0.0498084291187739
meps_utilization,17,ASR-TI,predicted_scale_quintile,5,1044,0.922413793103448,118.18174453634,0.024904214559387,0.0526819923371648
meps_utilization,17,CQR-TI,predicted_scale_quintile,1,1044,0.961685823754789,8.79395340154319,0.00478927203065134,0.0335249042145594
meps_utilization,17,CQR-TI,predicted_scale_quintile,2,1044,0.945402298850575,11.0407119645791,0.00478927203065134,0.0498084291187739
meps_utilization,17,CQR-TI,predicted_scale_quintile,3,1044,0.937739463601533,13.112588639127,0.00574712643678161,0.0565134099616858
meps_utilization,17,CQR-TI,predicted_scale_quintile,4,1044,0.919540229885057,17.7307684704709,0.010536398467433,0.0699233716475096
meps_utilization,17,CQR-TI,predicted_scale_quintile,5,1044,0.89176245210728,70.2097728441955,0.014367816091954,0.0938697318007663
meps_utilization,17,Parametric-TI,predicted_scale_quintile,1,1044,0.973180076628353,10.5026644598735,0.00574712643678161,0.0210727969348659
meps_utilization,17,Parametric-TI,predicted_scale_quintile,2,1044,0.958812260536398,12.4180484047557,0.00574712643678161,0.0354406130268199
meps_utilization,17,Parametric-TI,predicted_scale_quintile,3,1044,0.943486590038314,14.2456854299284,0.00957854406130268,0.0469348659003831
meps_utilization,17,Parametric-TI,predicted_scale_quintile,4,1044,0.912835249042146,18.1252126933138,0.0172413793103448,0.0699233716475096
meps_utilization,17,Parametric-TI,predicted_scale_quintile,5,1044,0.811302681992337,45.3814951188251,0.0603448275862069,0.128352490421456
meps_utilization,18,SR-TI,predicted_scale_quintile,1,1044,0.894636015325671,6.2802409567227,0.0277777777777778,0.0775862068965517
meps_utilization,18,SR-TI,predicted_scale_quintile,2,1044,0.910919540229885,9.29024695499887,0.0172413793103448,0.0718390804597701
meps_utilization,18,SR-TI,predicted_scale_quintile,3,1044,0.914750957854406,13.0873314239061,0.0172413793103448,0.068007662835249
meps_utilization,18,SR-TI,predicted_scale_quintile,4,1044,0.911877394636015,22.4995299038135,0.0210727969348659,0.0670498084291188
meps_utilization,18,SR-TI,predicted_scale_quintile,5,1044,0.954022988505747,108.090844285341,0.0028735632183908,0.0431034482758621
meps_utilization,18,ASR-TI,predicted_scale_quintile,1,1044,0.886973180076628,6.49846978099839,0.0421455938697318,0.0708812260536399
meps_utilization,18,ASR-TI,predicted_scale_quintile,2,1044,0.908045977011494,9.67449038360171,0.0268199233716475,0.0651340996168582
meps_utilization,18,ASR-TI,predicted_scale_quintile,3,1044,0.913793103448276,13.6793800039055,0.0239463601532567,0.0622605363984674
meps_utilization,18,ASR-TI,predicted_scale_quintile,4,1044,0.913793103448276,23.6375627816354,0.024904214559387,0.0613026819923372
meps_utilization,18,ASR-TI,predicted_scale_quintile,5,1044,0.950191570881226,116.952186417063,0.010536398467433,0.039272030651341
meps_utilization,18,CQR-TI,predicted_scale_quintile,1,1044,0.959770114942529,10.4925234403975,0.000957854406130268,0.039272030651341
meps_utilization,18,CQR-TI,predicted_scale_quintile,2,1044,0.943486590038314,11.8554498815441,0.00383141762452107,0.0526819923371648
meps_utilization,18,CQR-TI,predicted_scale_quintile,3,1044,0.939655172413793,15.0085140695882,0.00478927203065134,0.0555555555555556
meps_utilization,18,CQR-TI,predicted_scale_quintile,4,1044,0.924329501915709,22.8271532279511,0.0124521072796935,0.0632183908045977
meps_utilization,18,CQR-TI,predicted_scale_quintile,5,1044,0.913793103448276,61.6405190428905,0.0114942528735632,0.0747126436781609
meps_utilization,18,Parametric-TI,predicted_scale_quintile,1,1044,0.966475095785441,10.8572536517972,0.00191570881226054,0.0316091954022989
meps_utilization,18,Parametric-TI,predicted_scale_quintile,2,1044,0.948275862068965,12.2861163001706,0.00670498084291188,0.0450191570881226
meps_utilization,18,Parametric-TI,predicted_scale_quintile,3,1044,0.92911877394636,14.7364635284195,0.0124521072796935,0.0584291187739464
meps_utilization,18,Parametric-TI,predicted_scale_quintile,4,1044,0.903256704980843,20.3947144760276,0.0258620689655172,0.0708812260536399
meps_utilization,18,Parametric-TI,predicted_scale_quintile,5,1044,0.851532567049808,40.5732315006669,0.0440613026819923,0.104406130268199
meps_utilization,19,SR-TI,predicted_scale_quintile,1,1044,0.916666666666667,6.00823734257214,0.0201149425287356,0.0632183908045977
meps_utilization,19,SR-TI,predicted_scale_quintile,2,1044,0.916666666666667,9.00845623896648,0.0162835249042146,0.0670498084291188
meps_utilization,19,SR-TI,predicted_scale_quintile,3,1044,0.912835249042146,12.7630043498176,0.0201149425287356,0.0670498084291188
meps_utilization,19,SR-TI,predicted_scale_quintile,4,1044,0.917624521072797,20.070129395816,0.024904214559387,0.0574712643678161
meps_utilization,19,SR-TI,predicted_scale_quintile,5,1044,0.935823754789272,89.9453289959751,0.014367816091954,0.0498084291187739
meps_utilization,19,ASR-TI,predicted_scale_quintile,1,1044,0.915708812260536,6.31996904759785,0.028735632183908,0.0555555555555556
meps_utilization,19,ASR-TI,predicted_scale_quintile,2,1044,0.910919540229885,9.52222186952151,0.024904214559387,0.064176245210728
meps_utilization,19,ASR-TI,predicted_scale_quintile,3,1044,0.909003831417625,13.5463636458993,0.0296934865900383,0.0613026819923372
meps_utilization,19,ASR-TI,predicted_scale_quintile,4,1044,0.915708812260536,21.4324519443615,0.0335249042145594,0.0507662835249042
meps_utilization,19,ASR-TI,predicted_scale_quintile,5,1044,0.935823754789272,98.4254349322412,0.0201149425287356,0.0440613026819923
meps_utilization,19,CQR-TI,predicted_scale_quintile,1,1044,0.950191570881226,8.25938246573117,0.00574712643678161,0.0440613026819923
meps_utilization,19,CQR-TI,predicted_scale_quintile,2,1044,0.935823754789272,11.0511981087806,0.00957854406130268,0.0545977011494253
meps_utilization,19,CQR-TI,predicted_scale_quintile,3,1044,0.932950191570881,13.8881411969714,0.0124521072796935,0.0545977011494253
meps_utilization,19,CQR-TI,predicted_scale_quintile,4,1044,0.92911877394636,19.0103220540244,0.014367816091954,0.0565134099616858
meps_utilization,19,CQR-TI,predicted_scale_quintile,5,1044,0.913793103448276,67.6854753115246,0.00766283524904215,0.078544061302682
meps_utilization,19,Parametric-TI,predicted_scale_quintile,1,1044,0.972222222222222,10.0599422348644,0.000957854406130268,0.0268199233716475
meps_utilization,19,Parametric-TI,predicted_scale_quintile,2,1044,0.952107279693487,12.4060139418519,0.00574712643678161,0.0421455938697318
meps_utilization,19,Parametric-TI,predicted_scale_quintile,3,1044,0.933908045977011,15.1298414527369,0.010536398467433,0.0555555555555556
meps_utilization,19,Parametric-TI,predicted_scale_quintile,4,1044,0.911877394636015,19.6418021541444,0.0277777777777778,0.0603448275862069
meps_utilization,19,Parametric-TI,predicted_scale_quintile,5,1044,0.85632183908046,47.7197088764715,0.0498084291187739,0.0938697318007663
meps_utilization,20,SR-TI,predicted_scale_quintile,1,1044,0.890804597701149,6.74457441937033,0.0363984674329502,0.0727969348659004
meps_utilization,20,SR-TI,predicted_scale_quintile,2,1044,0.913793103448276,10.9674918460399,0.0239463601532567,0.0622605363984674
meps_utilization,20,SR-TI,predicted_scale_quintile,3,1044,0.92911877394636,15.2755613665079,0.0153256704980843,0.0555555555555556
meps_utilization,20,SR-TI,predicted_scale_quintile,4,1044,0.93007662835249,24.2685387078633,0.0191570881226054,0.0507662835249042
meps_utilization,20,SR-TI,predicted_scale_quintile,5,1044,0.935823754789272,102.704620399184,0.0201149425287356,0.0440613026819923
meps_utilization,20,ASR-TI,predicted_scale_quintile,1,1044,0.882183908045977,7.53700927586736,0.0545977011494253,0.0632183908045977
meps_utilization,20,ASR-TI,predicted_scale_quintile,2,1044,0.907088122605364,12.4516550250804,0.0431034482758621,0.0498084291187739
meps_utilization,20,ASR-TI,predicted_scale_quintile,3,1044,0.9272030651341,17.6032556089417,0.0258620689655172,0.0469348659003831
meps_utilization,20,ASR-TI,predicted_scale_quintile,4,1044,0.931034482758621,28.4371965912858,0.0277777777777778,0.0411877394636015
meps_utilization,20,ASR-TI,predicted_scale_quintile,5,1044,0.939655172413793,128.649735131017,0.0277777777777778,0.0325670498084291
meps_utilization,20,CQR-TI,predicted_scale_quintile,1,1044,0.946360153256705,9.514390166944,0.00574712643678161,0.0478927203065134
meps_utilization,20,CQR-TI,predicted_scale_quintile,2,1044,0.946360153256705,13.2708894989017,0.00957854406130268,0.0440613026819923
meps_utilization,20,CQR-TI,predicted_scale_quintile,3,1044,0.933908045977011,15.9604942668469,0.00670498084291188,0.0593869731800766
meps_utilization,20,CQR-TI,predicted_scale_quintile,4,1044,0.922413793103448,22.3280688096568,0.014367816091954,0.0632183908045977
meps_utilization,20,CQR-TI,predicted_scale_quintile,5,1044,0.905172413793103,69.7951885651168,0.0181992337164751,0.0766283524904215
meps_utilization,20,Parametric-TI,predicted_scale_quintile,1,1044,0.96264367816092,11.5846288438667,0.00478927203065134,0.0325670498084291
meps_utilization,20,Parametric-TI,predicted_scale_quintile,2,1044,0.950191570881226,14.6474946229022,0.010536398467433,0.039272030651341
meps_utilization,20,Parametric-TI,predicted_scale_quintile,3,1044,0.937739463601533,16.8105415143579,0.0124521072796935,0.0498084291187739
meps_utilization,20,Parametric-TI,predicted_scale_quintile,4,1044,0.919540229885057,21.509126464229,0.0220306513409962,0.0584291187739464
meps_utilization,20,Parametric-TI,predicted_scale_quintile,5,1044,0.845785440613027,45.3798403645025,0.0593869731800766,0.0948275862068965
